Disease,Symptom_1,Symptom_2,Symptom_3,Symptom_4,Symptom_5,Symptom_6,Symptom_7,Symptom_8,Symptom_9,Symptom_10,Symptom_11,Symptom_12,Symptom_13,Symptom_14,Symptom_15,Symptom_16,Symptom_17
Allergy,wheezing,nasal_congestion,itchy_eyes,continuous_sneezing,chills,,,,,,,,,,,,
Allergy,wheezing,nasal_congestion,itchy_eyes,continuous_sneezing,watering_from_eyes,,,,,,,,,,,,
Allergy,wheezing,nasal_congestion,itchy_eyes,skin_rash,shivering,,,,,,,,,,,,
Allergy,wheezing,nasal_congestion,continuous_sneezing,chills,watering_from_eyes,,,,,,,,,,,,
Allergy,wheezing,itchy_eyes,continuous_sneezing,nasal_congestion,skin_rash,,,,,,,,,,,,
Allergy,nasal_congestion,itchy_eyes,continuous_sneezing,wheezing,shivering,,,,,,,,,,,,
Allergy,wheezing,nasal_congestion,itchy_eyes,skin_rash,chills,,,,,,,,,,,,
Allergy,nasal_congestion,continuous_sneezing,wheezing,itchy_eyes,watering_from_eyes,,,,,,,,,,,,
Allergy,wheezing,nasal_congestion,itchy_eyes,continuous_sneezing,skin_rash,,,,,,,,,,,,
Allergy,nasal_congestion,itchy_eyes,wheezing,shivering,chills,,,,,,,,,,,,
Allergy,wheezing,continuous_sneezing,nasal_congestion,itchy_eyes,watering_from_eyes,,,,,,,,,,,,
Allergy,nasal_congestion,wheezing,itchy_eyes,skin_rash,continuous_sneezing,,,,,,,,,,,,
Allergy,wheezing,nasal_congestion,continuous_sneezing,chills,shivering,,,,,,,,,,,,
Allergy,itchy_eyes,nasal_congestion,wheezing,continuous_sneezing,skin_rash,,,,,,,,,,,,
Allergy,wheezing,itchy_eyes,nasal_congestion,watering_from_eyes,chills,,,,,,,,,,,,
Allergy,nasal_congestion,wheezing,continuous_sneezing,itchy_eyes,shivering,,,,,,,,,,,,
Allergy,wheezing,nasal_congestion,itchy_eyes,skin_rash,watering_from_eyes,,,,,,,,,,,,
Allergy,continuous_sneezing,wheezing,nasal_congestion,itchy_eyes,chills,,,,,,,,,,,,
Allergy,nasal_congestion,itchy_eyes,wheezing,continuous_sneezing,shivering,,,,,,,,,,,,
Allergy,wheezing,nasal_congestion,itchy_eyes,skin_rash,chills,,,,,,,,,,,,
Allergy,continuous_sneezing,nasal_congestion,wheezing,itchy_eyes,watering_from_eyes,,,,,,,,,,,,
Allergy,wheezing,itchy_eyes,nasal_congestion,continuous_sneezing,skin_rash,,,,,,,,,,,,
Allergy,nasal_congestion,wheezing,itchy_eyes,shivering,chills,,,,,,,,,,,,
Allergy,wheezing,nasal_congestion,continuous_sneezing,itchy_eyes,watering_from_eyes,,,,,,,,,,,,
Allergy,itchy_eyes,wheezing,nasal_congestion,skin_rash,shivering,,,,,,,,,,,,
Allergy,nasal_congestion,continuous_sneezing,wheezing,itchy_eyes,chills,,,,,,,,,,,,
Allergy,wheezing,itchy_eyes,nasal_congestion,continuous_sneezing,watering_from_eyes,,,,,,,,,,,,
Allergy,nasal_congestion,wheezing,itchy_eyes,skin_rash,shivering,,,,,,,,,,,,
Allergy,wheezing,nasal_congestion,continuous_sneezing,itchy_eyes,chills,,,,,,,,,,,,
Allergy,itchy_eyes,nasal_congestion,wheezing,continuous_sneezing,skin_rash,,,,,,,,,,,,
Common Cold,continuous_sneezing,cough,sore_throat,blocked_nose,runny_nose,feeling_unwell,,,,,,,,,,,
Common Cold,continuous_sneezing,sore_throat,runny_nose,cough,hoarse_voice,headache,,,,,,,,,,,
Common Cold,continuous_sneezing,cough,blocked_nose,sore_throat,fatigue,high_fever,,,,,,,,,,,
Common Cold,continuous_sneezing,runny_nose,sore_throat,cough,feeling_unwell,headache,,,,,,,,,,,
Common Cold,continuous_sneezing,blocked_nose,cough,sore_throat,hoarse_voice,fatigue,,,,,,,,,,,
Common Cold,continuous_sneezing,runny_nose,sore_throat,blocked_nose,cough,feeling_unwell,,,,,,,,,,,
Common Cold,continuous_sneezing,cough,sore_throat,runny_nose,hoarse_voice,high_fever,,,,,,,,,,,
Common Cold,continuous_sneezing,blocked_nose,sore_throat,cough,fatigue,headache,,,,,,,,,,,
Common Cold,continuous_sneezing,runny_nose,cough,sore_throat,feeling_unwell,loss_of_smell,,,,,,,,,,,
Common Cold,continuous_sneezing,sore_throat,blocked_nose,cough,hoarse_voice,muscle_aches,,,,,,,,,,,
Common Cold,continuous_sneezing,cough,runny_nose,sore_throat,fatigue,feeling_unwell,,,,,,,,,,,
Common Cold,continuous_sneezing,blocked_nose,sore_throat,runny_nose,cough,headache,,,,,,,,,,,
Common Cold,continuous_sneezing,cough,sore_throat,blocked_nose,hoarse_voice,loss_of_taste,,,,,,,,,,,
Common Cold,continuous_sneezing,runny_nose,sore_throat,cough,fatigue,high_fever,,,,,,,,,,,
Common Cold,continuous_sneezing,blocked_nose,cough,sore_throat,feeling_unwell,muscle_aches,,,,,,,,,,,
Common Cold,continuous_sneezing,sore_throat,runny_nose,cough,hoarse_voice,loss_of_smell,,,,,,,,,,,
Common Cold,continuous_sneezing,cough,blocked_nose,sore_throat,fatigue,headache,,,,,,,,,,,
Common Cold,continuous_sneezing,runny_nose,sore_throat,cough,feeling_unwell,hoarse_voice,,,,,,,,,,,
Common Cold,continuous_sneezing,blocked_nose,cough,sore_throat,high_fever,loss_of_taste,,,,,,,,,,,
Common Cold,continuous_sneezing,sore_throat,runny_nose,cough,fatigue,muscle_aches,,,,,,,,,,,
Common Cold,continuous_sneezing,cough,blocked_nose,sore_throat,feeling_unwell,headache,,,,,,,,,,,
Common Cold,continuous_sneezing,runny_nose,sore_throat,cough,hoarse_voice,loss_of_taste,,,,,,,,,,,
Common Cold,continuous_sneezing,blocked_nose,cough,sore_throat,fatigue,loss_of_smell,,,,,,,,,,,
Common Cold,continuous_sneezing,sore_throat,runny_nose,cough,high_fever,feeling_unwell,,,,,,,,,,,
Common Cold,continuous_sneezing,cough,blocked_nose,sore_throat,hoarse_voice,muscle_aches,,,,,,,,,,,
Common Cold,continuous_sneezing,runny_nose,sore_throat,cough,fatigue,headache,,,,,,,,,,,
Common Cold,continuous_sneezing,blocked_nose,cough,sore_throat,feeling_unwell,loss_of_taste,,,,,,,,,,,
Common Cold,continuous_sneezing,sore_throat,runny_nose,cough,hoarse_voice,high_fever,,,,,,,,,,,
Common Cold,continuous_sneezing,cough,blocked_nose,sore_throat,fatigue,loss_of_smell,,,,,,,,,,,
Common Cold,continuous_sneezing,runny_nose,sore_throat,cough,feeling_unwell,muscle_aches,,,,,,,,,,,
Diabetes ,lethargy,excessive_hunger,increased_appetite,often_thirsty,,,,,,,,,,,,,
Diabetes ,lethargy,excessive_hunger,increased_appetite,frequent_urination,,,,,,,,,,,,,
Diabetes ,lethargy,excessive_hunger,increased_appetite,often_thirsty,frequent_urination,blurred_and_distorted_vision,obesity,,,,,,,,,,
Diabetes ,lethargy,excessive_hunger,increased_appetite,often_thirsty,frequent_urination,blurred_and_distorted_vision,weight_loss,,,,,,,,,,
Diabetes ,lethargy,excessive_hunger,increased_appetite,often_thirsty,frequent_urination,obesity,,,,,,,,,,,
Diabetes ,lethargy,excessive_hunger,increased_appetite,often_thirsty,frequent_urination,weight_loss,,,,,,,,,,,
Diabetes ,lethargy,excessive_hunger,increased_appetite,often_thirsty,frequent_urination,blurred_and_distorted_vision,,,,,,,,,,,
Gastroenteritis,diarrhea,vomiting,dehydration,nausea,abdominal_pain_cramps,,,,,,,,,,,,
Gastroenteritis,diarrhea,dehydration,vomiting,fatigue,nausea,,,,,,,,,,,,
Gastroenteritis,vomiting,diarrhea,dehydration,abdominal_pain_cramps,fever,,,,,,,,,,,,
Gastroenteritis,diarrhea,vomiting,nausea,dehydration,fatigue,,,,,,,,,,,,
Gastroenteritis,dehydration,diarrhea,vomiting,abdominal_pain_cramps,loss_of_appetite,,,,,,,,,,,,
Gastroenteritis,diarrhea,vomiting,dehydration,nausea,fever,,,,,,,,,,,,
Gastroenteritis,vomiting,dehydration,diarrhea,fatigue,abdominal_pain_cramps,,,,,,,,,,,,
Gastroenteritis,diarrhea,nausea,vomiting,dehydration,loss_of_appetite,,,,,,,,,,,,
Gastroenteritis,dehydration,vomiting,diarrhea,fatigue,nausea,,,,,,,,,,,,
Gastroenteritis,diarrhea,vomiting,abdominal_pain_cramps,dehydration,fever,,,,,,,,,,,,
Gastroenteritis,vomiting,diarrhea,dehydration,nausea,loss_of_appetite,,,,,,,,,,,,
Gastroenteritis,diarrhea,dehydration,vomiting,fatigue,abdominal_pain_cramps,,,,,,,,,,,,
Gastroenteritis,vomiting,nausea,diarrhea,dehydration,fever,,,,,,,,,,,,
Gastroenteritis,diarrhea,vomiting,dehydration,abdominal_pain_cramps,loss_of_appetite,,,,,,,,,,,,
Gastroenteritis,dehydration,diarrhea,vomiting,nausea,fatigue,,,,,,,,,,,,
Gastroenteritis,vomiting,diarrhea,abdominal_pain_cramps,dehydration,fever,,,,,,,,,,,,
Gastroenteritis,diarrhea,vomiting,nausea,fatigue,dehydration,,,,,,,,,,,,
Gastroenteritis,dehydration,vomiting,diarrhea,loss_of_appetite,abdominal_pain_cramps,,,,,,,,,,,,
Gastroenteritis,diarrhea,nausea,dehydration,vomiting,fatigue,,,,,,,,,,,,
Gastroenteritis,vomiting,diarrhea,dehydration,fever,abdominal_pain_cramps,,,,,,,,,,,,
Gastroenteritis,diarrhea,vomiting,nausea,dehydration,loss_of_appetite,,,,,,,,,,,,
Gastroenteritis,dehydration,diarrhea,vomiting,fatigue,fever,,,,,,,,,,,,
Gastroenteritis,vomiting,abdominal_pain_cramps,diarrhea,dehydration,nausea,,,,,,,,,,,,
Gastroenteritis,diarrhea,vomiting,dehydration,fatigue,loss_of_appetite,,,,,,,,,,,,
Gastroenteritis,dehydration,nausea,vomiting,diarrhea,abdominal_pain_cramps,,,,,,,,,,,,
Gastroenteritis,vomiting,diarrhea,fatigue,dehydration,fever,,,,,,,,,,,,
Gastroenteritis,diarrhea,vomiting,nausea,abdominal_pain_cramps,dehydration,,,,,,,,,,,,
Gastroenteritis,dehydration,vomiting,diarrhea,loss_of_appetite,fatigue,,,,,,,,,,,,
Gastroenteritis,diarrhea,abdominal_pain_cramps,vomiting,dehydration,nausea,,,,,,,,,,,,
Gastroenteritis,vomiting,diarrhea,dehydration,fever,fatigue,,,,,,,,,,,,
Bronchial Asthma,wheezing,shortness_of_breath,chest_tightness,cough,cyanosis,,,,,,,,,,,,
Bronchial Asthma,shortness_of_breath,wheezing,chest_tightness,difficulty_speaking,fatigue,,,,,,,,,,,,
Bronchial Asthma,wheezing,shortness_of_breath,cough,chest_tightness,nighttime_symptoms,,,,,,,,,,,,
Bronchial Asthma,cyanosis,shortness_of_breath,wheezing,chest_tightness,cough,,,,,,,,,,,,
Bronchial Asthma,wheezing,shortness_of_breath,chest_tightness,difficulty_speaking,family_history,,,,,,,,,,,,
Bronchial Asthma,shortness_of_breath,wheezing,cough,chest_tightness,fatigue,,,,,,,,,,,,
Bronchial Asthma,wheezing,shortness_of_breath,chest_tightness,cough,cyanosis,,,,,,,,,,,,
Bronchial Asthma,shortness_of_breath,chest_tightness,wheezing,difficulty_speaking,nighttime_symptoms,,,,,,,,,,,,
Bronchial Asthma,wheezing,cough,shortness_of_breath,chest_tightness,fatigue,,,,,,,,,,,,
Bronchial Asthma,cyanosis,wheezing,shortness_of_breath,chest_tightness,family_history,,,,,,,,,,,,
Bronchial Asthma,shortness_of_breath,wheezing,chest_tightness,cough,nighttime_symptoms,,,,,,,,,,,,
Bronchial Asthma,wheezing,shortness_of_breath,difficulty_speaking,chest_tightness,fatigue,,,,,,,,,,,,
Bronchial Asthma,shortness_of_breath,wheezing,cough,chest_tightness,cyanosis,,,,,,,,,,,,
Bronchial Asthma,wheezing,chest_tightness,shortness_of_breath,nighttime_symptoms,family_history,,,,,,,,,,,,
Bronchial Asthma,shortness_of_breath,wheezing,chest_tightness,cough,difficulty_speaking,,,,,,,,,,,,
Bronchial Asthma,wheezing,shortness_of_breath,chest_tightness,fatigue,cyanosis,,,,,,,,,,,,
Bronchial Asthma,shortness_of_breath,cough,wheezing,chest_tightness,nighttime_symptoms,,,,,,,,,,,,
Bronchial Asthma,wheezing,shortness_of_breath,difficulty_speaking,chest_tightness,cough,,,,,,,,,,,,
Bronchial Asthma,cyanosis,shortness_of_breath,wheezing,fatigue,family_history,,,,,,,,,,,,
Bronchial Asthma,wheezing,chest_tightness,shortness_of_breath,cough,nighttime_symptoms,,,,,,,,,,,,
Bronchial Asthma,shortness_of_breath,wheezing,chest_tightness,difficulty_speaking,fatigue,,,,,,,,,,,,
Bronchial Asthma,wheezing,shortness_of_breath,cough,chest_tightness,cyanosis,,,,,,,,,,,,
Bronchial Asthma,shortness_of_breath,wheezing,chest_tightness,nighttime_symptoms,family_history,,,,,,,,,,,,
Bronchial Asthma,wheezing,cough,shortness_of_breath,chest_tightness,difficulty_speaking,,,,,,,,,,,,
Bronchial Asthma,shortness_of_breath,wheezing,fatigue,chest_tightness,cyanosis,,,,,,,,,,,,
Bronchial Asthma,wheezing,shortness_of_breath,chest_tightness,cough,nighttime_symptoms,,,,,,,,,,,,
Bronchial Asthma,shortness_of_breath,wheezing,difficulty_speaking,chest_tightness,fatigue,,,,,,,,,,,,
Bronchial Asthma,wheezing,cough,shortness_of_breath,chest_tightness,cyanosis,,,,,,,,,,,,
Bronchial Asthma,shortness_of_breath,wheezing,chest_tightness,nighttime_symptoms,difficulty_speaking,,,,,,,,,,,,
Bronchial Asthma,wheezing,shortness_of_breath,chest_tightness,cough,family_history,,,,,,,,,,,,
Hypertension,chest_pain,dizziness,difficulty_breathing,,abnormal_heart_rhythm,blurred vision,,,,,,,,,,,
Hypertension,chest_pain,dizziness,difficulty_breathing,,abnormal_heart_rhythm,blurred_vision,loss_of_balance,anxiety,,,,,,,,,
Hypertension,chest_pain,dizziness,difficulty_breathing,,abnormal_heart_rhythm,blurred_vision,loss_of_balance,headache,,,,,,,,,
Hypertension,chest_pain,dizziness,difficulty_breathing,,abnormal_heart_rhythm,blurred_vision,loss_of_balance,headache,vomiting,,,,,,,,
Hypertension,chest_pain,dizziness,difficulty_breathing,,abnormal_heart_rhythm,blurred_vision,loss_of_balance,headache,nausea,,,,,,,,
Hypertension,chest_pain,dizziness,difficulty_breathing,,abnormal_heart_rhythm,blurred_vision,loss_of_balance,vomiting,,,,,,,,,
Hypertension,chest_pain,dizziness,difficulty_breathing,,abnormal_heart_rhythm,blurred_vision,loss_of_balance,nausea,,,,,,,,,
Hypertension,chest_pain,dizziness,difficulty_breathing,,abnormal_heart_rhythm,blurred_vision,loss_of_balance,tinnitus,,,,,,,,,
Hypertension,chest_pain,dizziness,difficulty_breathing,,abnormal_heart_rhythm,blurred_vision,loss_of_balance,nosebleeds,,,,,,,,,
Hypertension,chest_pain,dizziness,difficulty_breathing,,abnormal_heart_rhythm,blurred_vision,loss_of_balance,vomiting,tinnitus,,,,,,,,
Hypertension,chest_pain,dizziness,difficulty_breathing,,abnormal_heart_rhythm,blurred_vision,loss_of_balance,vomiting,nosebleeds,,,,,,,,
Hypertension,chest_pain,dizziness,difficulty_breathing,,abnormal_heart_rhythm,blurred_vision,loss_of_balance,nausea,tinnitus,,,,,,,,
Hypertension,chest_pain,dizziness,difficulty_breathing,,abnormal_heart_rhythm,blurred_vision,loss_of_balance,nausea,nosebleeds,,,,,,,,
Hypertension,chest_pain,dizziness,difficulty_breathing,,abnormal_heart_rhythm,blurred_vision,loss_of_balance,headache,tinnitus,,,,,,,,
Tuberculosis,prolonged_cough,chest_pain,fatigue,yellowing_of_eyes,breathlessness,sweating,loss_of_appetite,phlegm,night_sweats,chills,,,,,,,
Tuberculosis,prolonged_cough,chest_pain,fatigue,yellowing_of_eyes,breathlessness,sweating,loss_of_appetite,phlegm,night_sweats,vomiting,,,,,,,
Tuberculosis,prolonged_cough,chest_pain,fatigue,yellowing_of_eyes,breathlessness,sweating,loss_of_appetite,phlegm,night_sweats,swelled_lymph_nodes,,,,,,,
Tuberculosis,prolonged_cough,chest_pain,fatigue,yellowing_of_eyes,breathlessness,sweating,loss_of_appetite,phlegm,night_sweats,malaise,,,,,,,
Tuberculosis,prolonged_cough,chest_pain,fatigue,yellowing_of_eyes,breathlessness,sweating,loss_of_appetite,phlegm,night_sweats,high_fever,,,,,,,
Tuberculosis,prolonged_cough,chest_pain,fatigue,yellowing_of_eyes,breathlessness,sweating,loss_of_appetite,phlegm,night_sweats,weight_loss,,,,,,,
Tuberculosis,prolonged_cough,chest_pain,fatigue,yellowing_of_eyes,breathlessness,sweating,loss_of_appetite,phlegm,night_sweats,blood_in_sputum,,,,,,,
Tuberculosis,prolonged_cough,chest_pain,fatigue,yellowing_of_eyes,breathlessness,sweating,loss_of_appetite,phlegm,night_sweats,chills,vomiting,,,,,,
Tuberculosis,prolonged_cough,chest_pain,fatigue,yellowing_of_eyes,breathlessness,sweating,loss_of_appetite,phlegm,night_sweats,swelled_lymph_nodes,malaise,,,,,,
Tuberculosis,prolonged_cough,chest_pain,fatigue,yellowing_of_eyes,breathlessness,sweating,loss_of_appetite,phlegm,night_sweats,high_fever,blood_in_sputum,,,,,,
Tuberculosis,prolonged_cough,chest_pain,fatigue,yellowing_of_eyes,breathlessness,sweating,loss_of_appetite,phlegm,night_sweats,malaise,blood_in_sputum,,,,,,
Tuberculosis,prolonged_cough,chest_pain,fatigue,yellowing_of_eyes,breathlessness,sweating,loss_of_appetite,phlegm,night_sweats,chills,malaise,high_fever,,,,,
Tuberculosis,prolonged_cough,chest_pain,fatigue,yellowing_of_eyes,breathlessness,sweating,loss_of_appetite,phlegm,night_sweats,blood_in_sputum,malaise,vomiting,,,,,
Tuberculosis,prolonged_cough,chest_pain,fatigue,yellowing_of_eyes,breathlessness,sweating,loss_of_appetite,phlegm,night_sweats,swelled_lymph_nodes,malaise,high_fever,weight_loss,,,,
Tuberculosis,prolonged_cough,chest_pain,fatigue,yellowing_of_eyes,breathlessness,sweating,loss_of_appetite,phlegm,night_sweats,swelled_lymph_nodes,malaise,high_fever,weight_loss,blood_in_sputum,,,
Pneumonia,shortness_of_breath,cough,fever,chest_pain,confusion,,,,,,,,,,,,
Pneumonia,fever,shortness_of_breath,cough,chest_pain,chills,,,,,,,,,,,,
Pneumonia,shortness_of_breath,fever,cough,confusion,fatigue,,,,,,,,,,,,
Pneumonia,cough,shortness_of_breath,fever,chest_pain,phlegm,,,,,,,,,,,,
Pneumonia,shortness_of_breath,fever,confusion,cough,chills,,,,,,,,,,,,
Pneumonia,fever,cough,shortness_of_breath,chest_pain,fatigue,,,,,,,,,,,,
Pneumonia,shortness_of_breath,cough,fever,phlegm,confusion,,,,,,,,,,,,
Pneumonia,fever,shortness_of_breath,chest_pain,cough,rusty_sputum,,,,,,,,,,,,
Pneumonia,shortness_of_breath,fever,cough,confusion,breathlessness,,,,,,,,,,,,
Pneumonia,cough,fever,shortness_of_breath,chest_pain,chills,,,,,,,,,,,,
Pneumonia,shortness_of_breath,fever,cough,fatigue,phlegm,,,,,,,,,,,,
Pneumonia,fever,shortness_of_breath,chest_pain,confusion,cough,,,,,,,,,,,,
Pneumonia,shortness_of_breath,cough,fever,breathlessness,rusty_sputum,,,,,,,,,,,,
Pneumonia,fever,cough,shortness_of_breath,phlegm,chills,,,,,,,,,,,,
Pneumonia,shortness_of_breath,fever,confusion,cough,fatigue,,,,,,,,,,,,
Pneumonia,cough,shortness_of_breath,fever,chest_pain,breathlessness,,,,,,,,,,,,
Pneumonia,shortness_of_breath,fever,cough,phlegm,rusty_sputum,,,,,,,,,,,,
Pneumonia,fever,shortness_of_breath,chest_pain,cough,confusion,,,,,,,,,,,,
Pneumonia,shortness_of_breath,cough,fever,fatigue,chills,,,,,,,,,,,,
Pneumonia,fever,cough,shortness_of_breath,breathlessness,phlegm,,,,,,,,,,,,
Pneumonia,shortness_of_breath,fever,confusion,chest_pain,cough,,,,,,,,,,,,
Pneumonia,cough,fever,shortness_of_breath,rusty_sputum,fatigue,,,,,,,,,,,,
Pneumonia,shortness_of_breath,fever,cough,phlegm,chills,,,,,,,,,,,,
Pneumonia,fever,shortness_of_breath,chest_pain,cough,breathlessness,,,,,,,,,,,,
Pneumonia,shortness_of_breath,cough,fever,confusion,sweating,,,,,,,,,,,,
Pneumonia,fever,cough,shortness_of_breath,fatigue,phlegm,,,,,,,,,,,,
Pneumonia,shortness_of_breath,fever,chest_pain,cough,rusty_sputum,,,,,,,,,,,,
Pneumonia,cough,fever,shortness_of_breath,chills,breathlessness,,,,,,,,,,,,
Pneumonia,shortness_of_breath,fever,cough,fatigue,confusion,,,,,,,,,,,,
Pneumonia,fever,shortness_of_breath,chest_pain,cough,phlegm,,,,,,,,,,,,
Hypothyroidism,fatigue,depression,weight_gain,cold_intolerance,dry_skin,,,,,,,,,,,,
Hypothyroidism,fatigue,weight_gain,depression,muscle_weakness,constipation,,,,,,,,,,,,
Hypothyroidism,depression,fatigue,weight_gain,cold_intolerance,hair_loss,,,,,,,,,,,,
Hypothyroidism,fatigue,depression,dry_skin,weight_gain,muscle_weakness,,,,,,,,,,,,
Hypothyroidism,weight_gain,fatigue,depression,cold_intolerance,constipation,,,,,,,,,,,,
Hypothyroidism,fatigue,depression,weight_gain,dry_skin,joint_pain,,,,,,,,,,,,
Hypothyroidism,depression,fatigue,cold_intolerance,weight_gain,muscle_pain,,,,,,,,,,,,
Hypothyroidism,fatigue,weight_gain,depression,dry_skin,hair_loss,,,,,,,,,,,,
Hypothyroidism,fatigue,depression,weight_gain,muscle_weakness,cold_intolerance,,,,,,,,,,,,
Hypothyroidism,weight_gain,fatigue,dry_skin,depression,constipation,,,,,,,,,,,,
Hypothyroidism,fatigue,depression,cold_intolerance,weight_gain,joint_pain,,,,,,,,,,,,
Hypothyroidism,depression,fatigue,weight_gain,dry_skin,muscle_pain,,,,,,,,,,,,
Hypothyroidism,fatigue,weight_gain,depression,muscle_weakness,hair_loss,,,,,,,,,,,,
Hypothyroidism,fatigue,depression,dry_skin,weight_gain,cold_intolerance,,,,,,,,,,,,
Hypothyroidism,weight_gain,fatigue,depression,constipation,muscle_weakness,,,,,,,,,,,,
Hypothyroidism,fatigue,depression,weight_gain,cold_intolerance,slow_movements,,,,,,,,,,,,
Hypothyroidism,depression,fatigue,dry_skin,weight_gain,muscle_pain,,,,,,,,,,,,
Hypothyroidism,fatigue,weight_gain,depression,cold_intolerance,joint_pain,,,,,,,,,,,,
Hypothyroidism,fatigue,depression,weight_gain,dry_skin,slow_thoughts,,,,,,,,,,,,
Hypothyroidism,weight_gain,fatigue,muscle_weakness,depression,hair_loss,,,,,,,,,,,,
Hypothyroidism,fatigue,depression,cold_intolerance,weight_gain,constipation,,,,,,,,,,,,
Hypothyroidism,depression,fatigue,weight_gain,dry_skin,cold_hands_and_feets,,,,,,,,,,,,
Hypothyroidism,fatigue,weight_gain,depression,muscle_pain,joint_pain,,,,,,,,,,,,
Hypothyroidism,fatigue,depression,dry_skin,weight_gain,swollen_extremeties,,,,,,,,,,,,
Hypothyroidism,weight_gain,fatigue,cold_intolerance,depression,muscle_weakness,,,,,,,,,,,,
Hypothyroidism,fatigue,depression,weight_gain,hair_loss,slow_movements,,,,,,,,,,,,
Hypothyroidism,depression,fatigue,dry_skin,weight_gain,constipation,,,,,,,,,,,,
Hypothyroidism,fatigue,weight_gain,depression,cold_intolerance,muscle_pain,,,,,,,,,,,,
Hypothyroidism,fatigue,depression,weight_gain,dry_skin,slow_thoughts,,,,,,,,,,,,
Hypothyroidism,weight_gain,fatigue,muscle_weakness,depression,cold_hands_and_feets,,,,,,,,,,,,
Arthritis,joint_pain,stiffness,deformity,swelling,morning_stiffness,,,,,,,,,,,,
Arthritis,joint_pain,deformity,stiffness,reduced_range_of_motion,fatigue,,,,,,,,,,,,
Arthritis,joint_pain,stiffness,swelling,morning_stiffness,joint_warmth,,,,,,,,,,,,
Arthritis,joint_pain,deformity,reduced_range_of_motion,stiffness,fatigue,,,,,,,,,,,,
Arthritis,joint_pain,morning_stiffness,swelling,stiffness,painful_walking,,,,,,,,,,,,
Arthritis,joint_pain,stiffness,deformity,reduced_range_of_motion,joint_warmth,,,,,,,,,,,,
Arthritis,joint_pain,swelling,morning_stiffness,stiffness,fatigue,,,,,,,,,,,,
Arthritis,joint_pain,deformity,stiffness,swelling,inflammation_joint,,,,,,,,,,,,
Arthritis,joint_pain,morning_stiffness,reduced_range_of_motion,stiffness,joint_warmth,,,,,,,,,,,,
Arthritis,joint_pain,stiffness,swelling,deformity,fatigue,,,,,,,,,,,,
Arthritis,joint_pain,morning_stiffness,stiffness,reduced_range_of_motion,painful_walking,,,,,,,,,,,,
Arthritis,joint_pain,deformity,swelling,stiffness,muscle_wasting,,,,,,,,,,,,
Arthritis,joint_pain,stiffness,morning_stiffness,reduced_range_of_motion,joint_warmth,,,,,,,,,,,,
Arthritis,joint_pain,swelling,deformity,stiffness,fatigue,,,,,,,,,,,,
Arthritis,joint_pain,morning_stiffness,stiffness,swelling,inflammation_joint,,,,,,,,,,,,
Arthritis,joint_pain,deformity,reduced_range_of_motion,stiffness,painful_walking,,,,,,,,,,,,
Arthritis,joint_pain,stiffness,swelling,morning_stiffness,muscle_wasting,,,,,,,,,,,,
Arthritis,joint_pain,deformity,stiffness,reduced_range_of_motion,fatigue,,,,,,,,,,,,
Arthritis,joint_pain,morning_stiffness,swelling,stiffness,joint_warmth,,,,,,,,,,,,
Arthritis,joint_pain,stiffness,deformity,swelling,painful_walking,,,,,,,,,,,,
Arthritis,joint_pain,reduced_range_of_motion,morning_stiffness,stiffness,inflammation_joint,,,,,,,,,,,,
Arthritis,joint_pain,swelling,deformity,stiffness,fatigue,,,,,,,,,,,,
Arthritis,joint_pain,morning_stiffness,stiffness,reduced_range_of_motion,muscle_wasting,,,,,,,,,,,,
Arthritis,joint_pain,deformity,swelling,stiffness,joint_warmth,,,,,,,,,,,,
Arthritis,joint_pain,stiffness,morning_stiffness,reduced_range_of_motion,painful_walking,,,,,,,,,,,,
Arthritis,joint_pain,swelling,deformity,stiffness,inflammation_joint,,,,,,,,,,,,
Arthritis,joint_pain,morning_stiffness,stiffness,fatigue,muscle_wasting,,,,,,,,,,,,
Arthritis,joint_pain,deformity,reduced_range_of_motion,stiffness,joint_warmth,,,,,,,,,,,,
Arthritis,joint_pain,swelling,morning_stiffness,stiffness,painful_walking,,,,,,,,,,,,
Arthritis,joint_pain,stiffness,deformity,swelling,fatigue,,,,,,,,,,,,
Lower Urinary tract infection,dysuria,urinary_frequency,continuous_feel_of_urine,lower_abdominal_pain,cloudy_urine,,,,,,,,,,,,
Lower Urinary tract infection,dysuria,urinary_frequency,continuous_feel_of_urine,blood_in_urine,foul_smelling_urine,,,,,,,,,,,,
Lower Urinary tract infection,dysuria,continuous_feel_of_urine,urinary_frequency,lower_abdominal_pain,fatigue,,,,,,,,,,,,
Lower Urinary tract infection,dysuria,urinary_frequency,lower_abdominal_pain,cloudy_urine,blood_in_urine,,,,,,,,,,,,
Lower Urinary tract infection,dysuria,continuous_feel_of_urine,urinary_frequency,foul_smelling_urine,lower_abdominal_pain,,,,,,,,,,,,
Lower Urinary tract infection,dysuria,urinary_frequency,continuous_feel_of_urine,cloudy_urine,bladder_discomfort,,,,,,,,,,,,
Lower Urinary tract infection,dysuria,lower_abdominal_pain,urinary_frequency,continuous_feel_of_urine,blood_in_urine,,,,,,,,,,,,
Lower Urinary tract infection,dysuria,urinary_frequency,continuous_feel_of_urine,fever_mild,cloudy_urine,,,,,,,,,,,,
Lower Urinary tract infection,dysuria,continuous_feel_of_urine,lower_abdominal_pain,urinary_frequency,foul_smelling_urine,,,,,,,,,,,,
Lower Urinary tract infection,dysuria,urinary_frequency,blood_in_urine,lower_abdominal_pain,cloudy_urine,,,,,,,,,,,,
Lower Urinary tract infection,dysuria,continuous_feel_of_urine,urinary_frequency,lower_abdominal_pain,tired,,,,,,,,,,,,
Lower Urinary tract infection,dysuria,urinary_frequency,cloudy_urine,continuous_feel_of_urine,fever_mild,,,,,,,,,,,,
Lower Urinary tract infection,dysuria,lower_abdominal_pain,urinary_frequency,blood_in_urine,continuous_feel_of_urine,,,,,,,,,,,,
Lower Urinary tract infection,dysuria,continuous_feel_of_urine,urinary_frequency,foul_smelling_urine,cloudy_urine,,,,,,,,,,,,
Lower Urinary tract infection,dysuria,urinary_frequency,lower_abdominal_pain,continuous_feel_of_urine,bladder_discomfort,,,,,,,,,,,,
Lower Urinary tract infection,dysuria,continuous_feel_of_urine,blood_in_urine,urinary_frequency,lower_abdominal_pain,,,,,,,,,,,,
Lower Urinary tract infection,dysuria,urinary_frequency,cloudy_urine,lower_abdominal_pain,fever_mild,,,,,,,,,,,,
Lower Urinary tract infection,dysuria,continuous_feel_of_urine,urinary_frequency,tired,blood_in_urine,,,,,,,,,,,,
Lower Urinary tract infection,dysuria,lower_abdominal_pain,urinary_frequency,continuous_feel_of_urine,foul_smelling_urine,,,,,,,,,,,,
Lower Urinary tract infection,dysuria,urinary_frequency,blood_in_urine,cloudy_urine,continuous_feel_of_urine,,,,,,,,,,,,
Lower Urinary tract infection,dysuria,continuous_feel_of_urine,lower_abdominal_pain,urinary_frequency,bladder_discomfort,,,,,,,,,,,,
Lower Urinary tract infection,dysuria,urinary_frequency,fever_mild,continuous_feel_of_urine,cloudy_urine,,,,,,,,,,,,
Lower Urinary tract infection,dysuria,blood_in_urine,urinary_frequency,lower_abdominal_pain,tired,,,,,,,,,,,,
Lower Urinary tract infection,dysuria,continuous_feel_of_urine,urinary_frequency,foul_smelling_urine,lower_abdominal_pain,,,,,,,,,,,,
Lower Urinary tract infection,dysuria,urinary_frequency,cloudy_urine,blood_in_urine,continuous_feel_of_urine,,,,,,,,,,,,
Lower Urinary tract infection,dysuria,lower_abdominal_pain,urinary_frequency,continuous_feel_of_urine,fever_mild,,,,,,,,,,,,
Lower Urinary tract infection,dysuria,continuous_feel_of_urine,blood_in_urine,urinary_frequency,cloudy_urine,,,,,,,,,,,,
Lower Urinary tract infection,dysuria,urinary_frequency,lower_abdominal_pain,tired,continuous_feel_of_urine,,,,,,,,,,,,
Lower Urinary tract infection,dysuria,continuous_feel_of_urine,urinary_frequency,cloudy_urine,bladder_discomfort,,,,,,,,,,,,
Lower Urinary tract infection,dysuria,blood_in_urine,urinary_frequency,lower_abdominal_pain,foul_smelling_urine,,,,,,,,,,,,
Upper Urinary Tract Infection,fever,flank_pain,vomiting,chills,dysuria,,,,,,,,,,,,
Upper Urinary Tract Infection,fever,flank_pain,dysuria,hematuria,fatigue,,,,,,,,,,,,
Upper Urinary Tract Infection,flank_pain,fever,vomiting,chills,urinary_frequency,,,,,,,,,,,,
Upper Urinary Tract Infection,fever,flank_pain,dysuria,vomiting,hematuria,,,,,,,,,,,,
Upper Urinary Tract Infection,flank_pain,fever,chills,dysuria,fatigue,,,,,,,,,,,,
Upper Urinary Tract Infection,fever,vomiting,flank_pain,hematuria,urinary_frequency,,,,,,,,,,,,
Upper Urinary Tract Infection,flank_pain,fever,dysuria,chills,vomiting,,,,,,,,,,,,
Upper Urinary Tract Infection,fever,flank_pain,hematuria,dysuria,fatigue,,,,,,,,,,,,
Upper Urinary Tract Infection,flank_pain,vomiting,fever,chills,cloudy_urine,,,,,,,,,,,,
Upper Urinary Tract Infection,fever,flank_pain,dysuria,urinary_frequency,vomiting,,,,,,,,,,,,
Upper Urinary Tract Infection,flank_pain,fever,chills,hematuria,dysuria,,,,,,,,,,,,
Upper Urinary Tract Infection,fever,vomiting,flank_pain,fatigue,urinary_frequency,,,,,,,,,,,,
Upper Urinary Tract Infection,flank_pain,fever,dysuria,vomiting,shivering,,,,,,,,,,,,
Upper Urinary Tract Infection,fever,flank_pain,hematuria,chills,lower_belly_pain,,,,,,,,,,,,
Upper Urinary Tract Infection,flank_pain,vomiting,fever,dysuria,cloudy_urine,,,,,,,,,,,,
Upper Urinary Tract Infection,fever,flank_pain,chills,urinary_frequency,hematuria,,,,,,,,,,,,
Upper Urinary Tract Infection,flank_pain,fever,vomiting,dysuria,fatigue,,,,,,,,,,,,
Upper Urinary Tract Infection,fever,flank_pain,hematuria,vomiting,shivering,,,,,,,,,,,,
Upper Urinary Tract Infection,flank_pain,fever,dysuria,chills,cloudy_urine,,,,,,,,,,,,
Upper Urinary Tract Infection,fever,vomiting,flank_pain,urinary_frequency,dysuria,,,,,,,,,,,,
Upper Urinary Tract Infection,flank_pain,fever,hematuria,chills,fatigue,,,,,,,,,,,,
Upper Urinary Tract Infection,fever,flank_pain,dysuria,vomiting,lower_belly_pain,,,,,,,,,,,,
Upper Urinary Tract Infection,flank_pain,fever,chills,urinary_frequency,hematuria,,,,,,,,,,,,
Upper Urinary Tract Infection,fever,vomiting,flank_pain,dysuria,shivering,,,,,,,,,,,,
Upper Urinary Tract Infection,flank_pain,fever,hematuria,fatigue,cloudy_urine,,,,,,,,,,,,
Upper Urinary Tract Infection,fever,flank_pain,vomiting,chills,bladder_discomfort,,,,,,,,,,,,
Upper Urinary Tract Infection,flank_pain,fever,dysuria,urinary_frequency,vomiting,,,,,,,,,,,,
Upper Urinary Tract Infection,fever,flank_pain,hematuria,chills,confusion,,,,,,,,,,,,
Upper Urinary Tract Infection,flank_pain,vomiting,fever,dysuria,agitation,,,,,,,,,,,,
Upper Urinary Tract Infection,fever,flank_pain,chills,hematuria,urinary_frequency,,,,,,,,,,,,
Psoriasis,joint_pain,itching_irritation,redness_inflammation,dry_cracked_skin,fatigue,skin_rash,,,,,,,,,,,
Psoriasis,redness_inflammation,dry_cracked_skin,fatigue,nail_changes,,,,,,,,,,,,,
Psoriasis,dry_cracked_skin,redness_inflammation,itching_irritation,fatigue,nail_changes,skin_rash,plaque_scaly_patches,,,,,,,,,,
Psoriasis,joint_pain,skin_rash,nail_changes,plaque_scaly_patches,dry_cracked_skin,redness_inflammation,,,,,,,,,,,
Psoriasis,dry_cracked_skin,nail_changes,fatigue,itching_irritation,redness_inflammation,plaque_scaly_patches,,,,,,,,,,,
Psoriasis,dry_cracked_skin,fatigue,redness_inflammation,nail_changes,itching_irritation,joint_pain,skin_rash,,,,,,,,,,
Psoriasis,dry_cracked_skin,skin_rash,nail_changes,fatigue,plaque_scaly_patches,joint_pain,redness_inflammation,,,,,,,,,,
Psoriasis,fatigue,plaque_scaly_patches,nail_changes,dry_cracked_skin,skin_rash,joint_pain,,,,,,,,,,,
Psoriasis,dry_cracked_skin,joint_pain,redness_inflammation,skin_rash,itching_irritation,fatigue,nail_changes,,,,,,,,,,
Psoriasis,skin_rash,joint_pain,dry_cracked_skin,plaque_scaly_patches,itching_irritation,nail_changes,redness_inflammation,,,,,,,,,,
Psoriasis,joint_pain,redness_inflammation,fatigue,itching_irritation,nail_changes,plaque_scaly_patches,,,,,,,,,,,
Psoriasis,itching_irritation,skin_rash,plaque_scaly_patches,fatigue,nail_changes,,,,,,,,,,,,
Psoriasis,fatigue,plaque_scaly_patches,joint_pain,nail_changes,skin_rash,redness_inflammation,itching_irritation,,,,,,,,,,
Psoriasis,joint_pain,itching_irritation,redness_inflammation,fatigue,plaque_scaly_patches,,,,,,,,,,,,
Psoriasis,plaque_scaly_patches,dry_cracked_skin,redness_inflammation,nail_changes,itching_irritation,fatigue,joint_pain,,,,,,,,,,
Psoriasis,fatigue,joint_pain,nail_changes,itching_irritation,plaque_scaly_patches,dry_cracked_skin,,,,,,,,,,,
Psoriasis,fatigue,nail_changes,dry_cracked_skin,joint_pain,itching_irritation,redness_inflammation,skin_rash,,,,,,,,,,
Psoriasis,nail_changes,fatigue,itching_irritation,plaque_scaly_patches,,,,,,,,,,,,,
Psoriasis,joint_pain,fatigue,redness_inflammation,dry_cracked_skin,,,,,,,,,,,,,
Psoriasis,skin_rash,itching_irritation,redness_inflammation,plaque_scaly_patches,joint_pain,nail_changes,,,,,,,,,,,
Psoriasis,fatigue,skin_rash,joint_pain,nail_changes,redness_inflammation,dry_cracked_skin,plaque_scaly_patches,,,,,,,,,,
Psoriasis,redness_inflammation,joint_pain,nail_changes,plaque_scaly_patches,itching_irritation,dry_cracked_skin,fatigue,,,,,,,,,,
Psoriasis,fatigue,plaque_scaly_patches,joint_pain,itching_irritation,,,,,,,,,,,,,
Psoriasis,dry_cracked_skin,nail_changes,redness_inflammation,plaque_scaly_patches,fatigue,itching_irritation,joint_pain,,,,,,,,,,
Psoriasis,fatigue,dry_cracked_skin,skin_rash,itching_irritation,redness_inflammation,,,,,,,,,,,,
Psoriasis,plaque_scaly_patches,dry_cracked_skin,fatigue,joint_pain,itching_irritation,,,,,,,,,,,,
Psoriasis,skin_rash,plaque_scaly_patches,itching_irritation,fatigue,dry_cracked_skin,,,,,,,,,,,,
Psoriasis,nail_changes,fatigue,itching_irritation,dry_cracked_skin,joint_pain,skin_rash,,,,,,,,,,,
Psoriasis,plaque_scaly_patches,dry_cracked_skin,redness_inflammation,joint_pain,skin_rash,,,,,,,,,,,,
Psoriasis,plaque_scaly_patches,nail_changes,dry_cracked_skin,redness_inflammation,fatigue,itching_irritation,,,,,,,,,,,
Chronic Kidney Disease,bone_pain,shortness_of_breath,high_blood_pressure,anemia,,,,,,,,,,,,,
Chronic Kidney Disease,swelling_edema,muscle_cramps,vomiting,shortness_of_breath,changes_in_urination,itchy_skin,bone_pain,,,,,,,,,,
Chronic Kidney Disease,shortness_of_breath,bone_pain,muscle_cramps,changes_in_urination,swelling_edema,high_blood_pressure,vomiting,,,,,,,,,,
Chronic Kidney Disease,vomiting,high_blood_pressure,muscle_cramps,anemia,fatigue,itchy_skin,,,,,,,,,,,
Chronic Kidney Disease,anemia,shortness_of_breath,bone_pain,itchy_skin,vomiting,muscle_cramps,changes_in_urination,,,,,,,,,,
Chronic Kidney Disease,high_blood_pressure,itchy_skin,vomiting,muscle_cramps,swelling_edema,shortness_of_breath,,,,,,,,,,,
Chronic Kidney Disease,bone_pain,high_blood_pressure,vomiting,shortness_of_breath,changes_in_urination,muscle_cramps,,,,,,,,,,,
Chronic Kidney Disease,anemia,bone_pain,itchy_skin,high_blood_pressure,changes_in_urination,vomiting,,,,,,,,,,,
Chronic Kidney Disease,vomiting,changes_in_urination,muscle_cramps,fatigue,shortness_of_breath,anemia,bone_pain,,,,,,,,,,
Chronic Kidney Disease,swelling_edema,bone_pain,muscle_cramps,anemia,itchy_skin,,,,,,,,,,,,
Chronic Kidney Disease,swelling_edema,itchy_skin,fatigue,bone_pain,,,,,,,,,,,,,
Chronic Kidney Disease,anemia,high_blood_pressure,swelling_edema,shortness_of_breath,changes_in_urination,fatigue,bone_pain,,,,,,,,,,
Chronic Kidney Disease,anemia,swelling_edema,muscle_cramps,bone_pain,itchy_skin,vomiting,,,,,,,,,,,
Chronic Kidney Disease,changes_in_urination,shortness_of_breath,itchy_skin,swelling_edema,fatigue,,,,,,,,,,,,
Chronic Kidney Disease,changes_in_urination,anemia,shortness_of_breath,muscle_cramps,swelling_edema,,,,,,,,,,,,
Chronic Kidney Disease,itchy_skin,muscle_cramps,shortness_of_breath,fatigue,,,,,,,,,,,,,
Chronic Kidney Disease,bone_pain,swelling_edema,vomiting,muscle_cramps,,,,,,,,,,,,,
Chronic Kidney Disease,itchy_skin,fatigue,high_blood_pressure,bone_pain,changes_in_urination,,,,,,,,,,,,
Chronic Kidney Disease,bone_pain,anemia,shortness_of_breath,vomiting,swelling_edema,itchy_skin,muscle_cramps,,,,,,,,,,
Chronic Kidney Disease,itchy_skin,shortness_of_breath,vomiting,muscle_cramps,fatigue,,,,,,,,,,,,
Chronic Kidney Disease,itchy_skin,anemia,swelling_edema,fatigue,,,,,,,,,,,,,
Chronic Kidney Disease,changes_in_urination,bone_pain,muscle_cramps,shortness_of_breath,anemia,swelling_edema,,,,,,,,,,,
Chronic Kidney Disease,changes_in_urination,fatigue,shortness_of_breath,muscle_cramps,high_blood_pressure,bone_pain,anemia,,,,,,,,,,
Chronic Kidney Disease,shortness_of_breath,anemia,bone_pain,high_blood_pressure,muscle_cramps,fatigue,vomiting,,,,,,,,,,
Chronic Kidney Disease,fatigue,swelling_edema,shortness_of_breath,itchy_skin,anemia,bone_pain,high_blood_pressure,,,,,,,,,,
Chronic Kidney Disease,swelling_edema,shortness_of_breath,fatigue,changes_in_urination,,,,,,,,,,,,,
Chronic Kidney Disease,itchy_skin,swelling_edema,muscle_cramps,bone_pain,anemia,high_blood_pressure,,,,,,,,,,,
Chronic Kidney Disease,itchy_skin,muscle_cramps,bone_pain,swelling_edema,,,,,,,,,,,,,
Chronic Kidney Disease,changes_in_urination,high_blood_pressure,muscle_cramps,bone_pain,,,,,,,,,,,,,
Chronic Kidney Disease,anemia,changes_in_urination,high_blood_pressure,swelling_edema,itchy_skin,muscle_cramps,vomiting,,,,,,,,,,
Autoimmune Diseases,digestive_issues,fever,fatigue,joint_pain,,,,,,,,,,,,,
Autoimmune Diseases,numbness,fatigue,joint_pain,,,,,,,,,,,,,,
Autoimmune Diseases,muscle_weakness,brain_fog,skin_rash,organ_involvement,,,,,,,,,,,,,
Autoimmune Diseases,muscle_weakness,fatigue,skin_rash,joint_pain,,,,,,,,,,,,,
Autoimmune Diseases,fatigue,muscle_weakness,skin_rash,joint_pain,brain_fog,digestive_issues,,,,,,,,,,,
Autoimmune Diseases,muscle_weakness,hair_loss,organ_involvement,joint_pain,,,,,,,,,,,,,
Autoimmune Diseases,brain_fog,numbness,joint_pain,,,,,,,,,,,,,,
Autoimmune Diseases,numbness,fatigue,muscle_weakness,skin_rash,brain_fog,,,,,,,,,,,,
Autoimmune Diseases,hair_loss,brain_fog,fever,fatigue,,,,,,,,,,,,,
Autoimmune Diseases,numbness,fatigue,joint_pain,,,,,,,,,,,,,,
Autoimmune Diseases,numbness,muscle_weakness,skin_rash,hair_loss,digestive_issues,,,,,,,,,,,,
Autoimmune Diseases,brain_fog,muscle_weakness,fatigue,joint_pain,,,,,,,,,,,,,
Autoimmune Diseases,numbness,fatigue,muscle_weakness,brain_fog,fever,,,,,,,,,,,,
Autoimmune Diseases,fever,muscle_weakness,numbness,organ_involvement,,,,,,,,,,,,,
Autoimmune Diseases,brain_fog,fever,fatigue,skin_rash,,,,,,,,,,,,,
Autoimmune Diseases,numbness,fatigue,joint_pain,fever,digestive_issues,,,,,,,,,,,,
Autoimmune Diseases,brain_fog,skin_rash,fatigue,joint_pain,,,,,,,,,,,,,
Autoimmune Diseases,skin_rash,muscle_weakness,organ_involvement,joint_pain,brain_fog,,,,,,,,,,,,
Autoimmune Diseases,brain_fog,muscle_weakness,fatigue,joint_pain,,,,,,,,,,,,,
Autoimmune Diseases,numbness,fatigue,muscle_weakness,organ_involvement,joint_pain,fever,,,,,,,,,,,
Autoimmune Diseases,skin_rash,muscle_weakness,organ_involvement,fever,digestive_issues,,,,,,,,,,,,
Stroke,leg_paralysis,headache,trouble_walking,vision_impairment,memory_loss,falling_over,arm_paralysis,,,,,,,,,,
Stroke,leg_paralysis,arm_paralysis,confusion,trouble_speaking,headache,dizziness,falling_over,numbness,,,,,,,,,
Stroke,headache,facial_paralysis,trouble_speaking,confusion,numbness,trouble_walking,arm_paralysis,,,,,,,,,,
Stroke,leg_paralysis,trouble_walking,trouble_speaking,dizziness,facial_paralysis,falling_over,confusion,vision_impairment,,,,,,,,,
Stroke,arm_paralysis,falling_over,headache,memory_loss,trouble_walking,facial_paralysis,numbness,,,,,,,,,,
Stroke,falling_over,numbness,confusion,facial_paralysis,headache,vision_impairment,leg_paralysis,trouble_speaking,,,,,,,,,
Stroke,leg_paralysis,memory_loss,trouble_walking,facial_paralysis,headache,falling_over,numbness,confusion,,,,,,,,,
Stroke,trouble_speaking,confusion,vision_impairment,memory_loss,numbness,dizziness,arm_paralysis,facial_paralysis,,,,,,,,,
Stroke,trouble_walking,memory_loss,numbness,arm_paralysis,leg_paralysis,dizziness,,,,,,,,,,,
Stroke,confusion,vision_impairment,dizziness,headache,arm_paralysis,trouble_speaking,trouble_walking,,,,,,,,,,
Stroke,falling_over,trouble_speaking,facial_paralysis,trouble_walking,leg_paralysis,confusion,numbness,,,,,,,,,,
Stroke,leg_paralysis,trouble_walking,trouble_speaking,memory_loss,falling_over,dizziness,vision_impairment,headache,,,,,,,,,
Coronary Artery Disease,nausea,cold_sweat,rapid_or_irregular_heartbeat,pain_in_your_shoulders,dizziness,,,,,,,,,,,,
Coronary Artery Disease,weakness,cold_sweat,pain_in_your_shoulders,shortness_of_breath,swelling_in_legs,,,,,,,,,,,,
Coronary Artery Disease,weakness,dizziness,cold_sweat,fatigue,angina,,,,,,,,,,,,
Coronary Artery Disease,cold_sweat,rapid_or_irregular_heartbeat,pain_in_your_shoulders,dizziness,fatigue,shortness_of_breath,angina,,,,,,,,,,
Coronary Artery Disease,nausea,dizziness,fatigue,shortness_of_breath,angina,swelling_in_legs,,,,,,,,,,,
Coronary Artery Disease,weakness,rapid_or_irregular_heartbeat,pain_in_your_shoulders,shortness_of_breath,swelling_in_legs,,,,,,,,,,,,
Coronary Artery Disease,dizziness,cold_sweat,pain_in_your_shoulders,fatigue,angina,,,,,,,,,,,,
Coronary Artery Disease,weakness,nausea,dizziness,cold_sweat,shortness_of_breath,angina,,,,,,,,,,,
Coronary Artery Disease,weakness,dizziness,rapid_or_irregular_heartbeat,pain_in_your_shoulders,fatigue,shortness_of_breath,angina,,,,,,,,,,
Coronary Artery Disease,cold_sweat,rapid_or_irregular_heartbeat,pain_in_your_shoulders,fatigue,shortness_of_breath,angina,,,,,,,,,,,
Coronary Artery Disease,weakness,cold_sweat,dizziness,rapid_or_irregular_heartbeat,fatigue,angina,swelling_in_legs,,,,,,,,,,
Coronary Artery Disease,nausea,cold_sweat,dizziness,fatigue,shortness_of_breath,angina,,,,,,,,,,,
Coronary Artery Disease,nausea,dizziness,rapid_or_irregular_heartbeat,shortness_of_breath,angina,,,,,,,,,,,,
Coronary Artery Disease,dizziness,rapid_or_irregular_heartbeat,cold_sweat,angina,swelling_in_legs,,,,,,,,,,,,
Coronary Artery Disease,cold_sweat,rapid_or_irregular_heartbeat,pain_in_your_shoulders,shortness_of_breath,swelling_in_legs,,,,,,,,,,,,
Migraine,nausea,dizziness,throbbing_headache,fatigue,sensitivity_to_light,,,,,,,,,,,,
Migraine,fatigue,visual_disturbances,sensitivity_to_sound,numbness,,,,,,,,,,,,,
Migraine,fatigue,difficulty_concentrating,visual_disturbances,neck_pain,,,,,,,,,,,,,
Migraine,visual_disturbances,nausea,throbbing_headache,fatigue,sensitivity_to_light,,,,,,,,,,,,
Migraine,fatigue,dizziness,visual_disturbances,throbbing_headache,,,,,,,,,,,,,
Migraine,neck_pain,visual_disturbances,numbness,dizziness,sensitivity_to_sound,,,,,,,,,,,,
Migraine,nausea,throbbing_headache,fatigue,difficulty_concentrating,sensitivity_to_light,,,,,,,,,,,,
Migraine,throbbing_headache,neck_pain,numbness,nausea,,,,,,,,,,,,,
Migraine,nausea,visual_disturbances,numbness,,,,,,,,,,,,,,
Migraine,dizziness,sensitivity_to_sound,sensitivity_to_light,,,,,,,,,,,,,,
Migraine,neck_pain,visual_disturbances,nausea,dizziness,fatigue,,,,,,,,,,,,
Migraine,fatigue,dizziness,difficulty_concentrating,,,,,,,,,,,,,,
Migraine,numbness,nausea,dizziness,sensitivity_to_sound,throbbing_headache,,,,,,,,,,,,
Migraine,visual_disturbances,nausea,dizziness,sensitivity_to_sound,fatigue,sensitivity_to_light,,,,,,,,,,,
Migraine,sensitivity_to_sound,throbbing_headache,sensitivity_to_light,,,,,,,,,,,,,,
Irritable Bowel Syndrome (IBS),abdominal_pain,bloating,diarrhea,gas_flatulence,fatigue,,,,,,,,,,,,
Irritable Bowel Syndrome (IBS),abdominal_pain,bloating,constipation,gas_flatulence,nausea,,,,,,,,,,,,
Irritable Bowel Syndrome (IBS),abdominal_pain,diarrhea,bloating,fatigue,mucus_in_stool,,,,,,,,,,,,
Irritable Bowel Syndrome (IBS),abdominal_pain,bloating,gas_flatulence,constipation,fatigue,,,,,,,,,,,,
Irritable Bowel Syndrome (IBS),abdominal_pain,diarrhea,bloating,nausea,gas_flatulence,,,,,,,,,,,,
Irritable Bowel Syndrome (IBS),abdominal_pain,bloating,constipation,mucus_in_stool,fatigue,,,,,,,,,,,,
Irritable Bowel Syndrome (IBS),abdominal_pain,gas_flatulence,bloating,diarrhea,nausea,,,,,,,,,,,,
Osteoarthritis,joint_pain,stiffness,reduced_range_of_motion,deformity,swelling,,,,,,,,,,,,
Osteoarthritis,joint_pain,deformity,stiffness,joint_tenderness,fatigue,,,,,,,,,,,,
Osteoarthritis,joint_pain,stiffness,reduced_range_of_motion,swelling,crepitus,,,,,,,,,,,,
Osteoarthritis,joint_pain,deformity,reduced_range_of_motion,stiffness,fatigue,,,,,,,,,,,,
Osteoarthritis,joint_pain,stiffness,swelling,joint_tenderness,crepitus,,,,,,,,,,,,
Osteoarthritis,joint_pain,reduced_range_of_motion,stiffness,deformity,fatigue,,,,,,,,,,,,
Osteoarthritis,joint_pain,stiffness,joint_tenderness,swelling,reduced_range_of_motion,,,,,,,,,,,,
Osteoarthritis,joint_pain,deformity,stiffness,crepitus,fatigue,,,,,,,,,,,,
Osteoarthritis,joint_pain,reduced_range_of_motion,stiffness,swelling,joint_tenderness,,,,,,,,,,,,
Osteoarthritis,joint_pain,stiffness,deformity,fatigue,crepitus,,,,,,,,,,,,
Osteoarthritis,joint_pain,reduced_range_of_motion,swelling,stiffness,joint_instability,,,,,,,,,,,,
Osteoarthritis,joint_pain,stiffness,joint_tenderness,deformity,reduced_range_of_motion,,,,,,,,,,,,
Osteoarthritis,joint_pain,swelling,stiffness,reduced_range_of_motion,fatigue,,,,,,,,,,,,
Osteoarthritis,joint_pain,deformity,stiffness,crepitus,joint_tenderness,,,,,,,,,,,,
Osteoarthritis,joint_pain,reduced_range_of_motion,stiffness,swelling,weak_muscles,,,,,,,,,,,,
Osteoarthritis,joint_pain,stiffness,deformity,fatigue,joint_tenderness,,,,,,,,,,,,
Osteoarthritis,joint_pain,swelling,reduced_range_of_motion,stiffness,crepitus,,,,,,,,,,,,
Osteoarthritis,joint_pain,stiffness,joint_tenderness,reduced_range_of_motion,deformity,,,,,,,,,,,,
Osteoarthritis,joint_pain,deformity,swelling,stiffness,fatigue,,,,,,,,,,,,
Osteoarthritis,joint_pain,reduced_range_of_motion,stiffness,crepitus,joint_instability,,,,,,,,,,,,
Osteoarthritis,joint_pain,stiffness,swelling,fatigue,deformity,,,,,,,,,,,,
Osteoarthritis,joint_pain,joint_tenderness,reduced_range_of_motion,stiffness,weak_muscles,,,,,,,,,,,,
Osteoarthritis,joint_pain,deformity,stiffness,swelling,crepitus,,,,,,,,,,,,
Osteoarthritis,joint_pain,reduced_range_of_motion,stiffness,fatigue,joint_tenderness,,,,,,,,,,,,
Osteoarthritis,joint_pain,swelling,stiffness,deformity,reduced_range_of_motion,,,,,,,,,,,,
Osteoarthritis,joint_pain,stiffness,crepitus,fatigue,joint_instability,,,,,,,,,,,,
Osteoarthritis,joint_pain,reduced_range_of_motion,swelling,stiffness,weak_muscles,,,,,,,,,,,,
Osteoarthritis,joint_pain,deformity,stiffness,joint_tenderness,fatigue,,,,,,,,,,,,
Osteoarthritis,joint_pain,stiffness,reduced_range_of_motion,swelling,joint_buckling,,,,,,,,,,,,
Osteoarthritis,joint_pain,joint_tenderness,stiffness,deformity,crepitus,,,,,,,,,,,,
Anemia,fatigue,tiredness,dizziness,cold_hands_and_feet,pale_skin,rapid_breathing,,,,,,,,,,,
Anemia,fatigue,tiredness,dizziness,cold_hands_and_feet,headache,shortness_of_breath,,,,,,,,,,,
Anemia,fatigue,cold_hands_and_feet,headache,pale_skin,rapid_breathing,bruising_more_easily,,,,,,,,,,,
Anemia,fatigue,dizziness,pale_skin,cold_hands_and_feet,headache,,,,,,,,,,,,
Anemia,tiredness,dizziness,shortness_of_breath,pale_skin,bruising_more_easily,frequent_infections,,,,,,,,,,,
Anemia,fatigue,tiredness,shortness_of_breath,pale_skin,rapid_breathing,bruising_more_easily,frequent_infections,,,,,,,,,,
Anemia,fatigue,tiredness,pulsatile_tinnitus,bruising_more_easily,frequent_infections,,,,,,,,,,,,
Anemia,fatigue,tiredness,cold_hands_and_feet,pale_skin,headache,,,,,,,,,,,,
Anemia,fatigue,tiredness,dizziness,cold_hands_and_feet,headache,shortness_of_breath,pale_skin,rapid_breathing,bruising_more_easily,frequent_infections,pulsatile_tinnitus,,,,,,
Kidney Stones,flank_pain,fever,vomiting,dysuria,chills,,,,,,,,,,,,
Kidney Stones,flank_pain,vomiting,fever,abdominal_pain,hematuria,,,,,,,,,,,,
Kidney Stones,flank_pain,fever,dysuria,chills,vomiting,,,,,,,,,,,,
Kidney Stones,flank_pain,vomiting,abdominal_pain,fever,dysuria,,,,,,,,,,,,
Kidney Stones,flank_pain,fever,chills,hematuria,urinary_urgency,,,,,,,,,,,,
Kidney Stones,flank_pain,vomiting,dysuria,abdominal_pain,fever,,,,,,,,,,,,
Kidney Stones,flank_pain,fever,chills,vomiting,dysuria,,,,,,,,,,,,
Kidney Stones,flank_pain,abdominal_pain,fever,vomiting,hematuria,,,,,,,,,,,,
Kidney Stones,flank_pain,dysuria,fever,chills,urinary_urgency,,,,,,,,,,,,
Kidney Stones,flank_pain,vomiting,fever,abdominal_pain,dysuria,,,,,,,,,,,,
Kidney Stones,flank_pain,fever,chills,hematuria,vomiting,,,,,,,,,,,,
Kidney Stones,flank_pain,dysuria,vomiting,fever,abdominal_pain,,,,,,,,,,,,
Kidney Stones,flank_pain,fever,urinary_urgency,chills,dysuria,,,,,,,,,,,,
Kidney Stones,flank_pain,vomiting,abdominal_pain,fever,hematuria,,,,,,,,,,,,
Kidney Stones,flank_pain,fever,dysuria,vomiting,chills,,,,,,,,,,,,
Kidney Stones,flank_pain,abdominal_pain,fever,vomiting,urinary_urgency,,,,,,,,,,,,
Kidney Stones,flank_pain,chills,fever,dysuria,hematuria,,,,,,,,,,,,
Kidney Stones,flank_pain,vomiting,fever,abdominal_pain,dysuria,,,,,,,,,,,,
Kidney Stones,flank_pain,fever,chills,vomiting,urinary_urgency,,,,,,,,,,,,
Kidney Stones,flank_pain,dysuria,fever,hematuria,abdominal_pain,,,,,,,,,,,,
Kidney Stones,flank_pain,vomiting,fever,chills,dysuria,,,,,,,,,,,,
Kidney Stones,flank_pain,fever,abdominal_pain,vomiting,hematuria,,,,,,,,,,,,
Kidney Stones,flank_pain,chills,fever,dysuria,urinary_urgency,,,,,,,,,,,,
Kidney Stones,flank_pain,vomiting,fever,abdominal_pain,chills,,,,,,,,,,,,
Kidney Stones,flank_pain,dysuria,fever,hematuria,vomiting,,,,,,,,,,,,
Kidney Stones,flank_pain,fever,chills,abdominal_pain,dysuria,,,,,,,,,,,,
Kidney Stones,flank_pain,vomiting,fever,urinary_urgency,hematuria,,,,,,,,,,,,
Kidney Stones,flank_pain,fever,dysuria,chills,abdominal_pain,,,,,,,,,,,,
Kidney Stones,flank_pain,vomiting,fever,dysuria,urinary_urgency,,,,,,,,,,,,
Kidney Stones,flank_pain,fever,chills,vomiting,hematuria,,,,,,,,,,,,
Malaria,fever,chills,confusion,vomiting,headache,,,,,,,,,,,,
Malaria,fever,confusion,chills,fatigue,vomiting,,,,,,,,,,,,
Malaria,chills,fever,nausea,headache,muscle_pain,,,,,,,,,,,,
Malaria,fever,chills,confusion,fatigue,sweating,,,,,,,,,,,,
Malaria,confusion,fever,nausea,chills,headache,,,,,,,,,,,,
Malaria,fever,chills,headache,fatigue,vomiting,,,,,,,,,,,,
Malaria,chills,fever,confusion,muscle_pain,sweating,,,,,,,,,,,,
Malaria,fever,vomiting,chills,headache,fatigue,,,,,,,,,,,,
Malaria,confusion,fever,chills,vomiting,muscle_pain,,,,,,,,,,,,
Malaria,fever,chills,fatigue,headache,sweating,,,,,,,,,,,,
Malaria,chills,fever,vomiting,confusion,fatigue,,,,,,,,,,,,
Malaria,fever,confusion,chills,headache,muscle_pain,,,,,,,,,,,,
Malaria,chills,fever,fatigue,vomiting,sweating,,,,,,,,,,,,
Malaria,fever,chills,confusion,headache,fatigue,,,,,,,,,,,,
Malaria,confusion,fever,nausea,chills,sweating,,,,,,,,,,,,
Malaria,fever,chills,headache,muscle_pain,vomiting,,,,,,,,,,,,
Malaria,chills,fever,fatigue,confusion,headache,,,,,,,,,,,,
Malaria,fever,vomiting,chills,fatigue,sweating,,,,,,,,,,,,
Malaria,confusion,fever,chills,muscle_pain,headache,,,,,,,,,,,,
Malaria,fever,chills,vomiting,fatigue,muscle_pain,,,,,,,,,,,,
Malaria,chills,fever,headache,confusion,sweating,,,,,,,,,,,,
Malaria,fever,confusion,vomiting,chills,fatigue,,,,,,,,,,,,
Malaria,chills,fever,muscle_pain,headache,vomiting,,,,,,,,,,,,
Malaria,fever,chills,fatigue,sweating,confusion,,,,,,,,,,,,
Malaria,confusion,fever,headache,chills,muscle_pain,,,,,,,,,,,,
Malaria,fever,nausea,chills,fatigue,headache,,,,,,,,,,,,
Malaria,chills,fever,confusion,sweating,vomiting,,,,,,,,,,,,
Malaria,fever,chills,muscle_pain,fatigue,headache,,,,,,,,,,,,
Malaria,confusion,fever,vomiting,chills,sweating,,,,,,,,,,,,
Malaria,fever,chills,headache,fatigue,muscle_pain,,,,,,,,,,,,
Dengue Fever,high_fever,headache,muscle_joint_pain,fatigue,skin_rash,,,,,,,,,,,,
Dengue Fever,high_fever,headache,muscle_joint_pain,vomiting,abdominal_pain,,,,,,,,,,,,
Dengue Fever,high_fever,muscle_joint_pain,fatigue,headache,bleeding_gums_nose,,,,,,,,,,,,
Dengue Fever,high_fever,headache,fatigue,skin_rash,vomiting,,,,,,,,,,,,
Dengue Fever,high_fever,muscle_joint_pain,headache,abdominal_pain,fatigue,,,,,,,,,,,,
Dengue Fever,high_fever,headache,skin_rash,muscle_joint_pain,loss_of_appetite,,,,,,,,,,,,
Dengue Fever,high_fever,fatigue,muscle_joint_pain,headache,vomiting,,,,,,,,,,,,
Dengue Fever,high_fever,headache,abdominal_pain,muscle_joint_pain,bleeding_gums_nose,,,,,,,,,,,,
Dengue Fever,high_fever,muscle_joint_pain,fatigue,skin_rash,headache,,,,,,,,,,,,
Dengue Fever,high_fever,headache,vomiting,muscle_joint_pain,swollen_lymph_nodes,,,,,,,,,,,,
Dengue Fever,high_fever,fatigue,headache,muscle_joint_pain,abdominal_pain,,,,,,,,,,,,
Dengue Fever,high_fever,muscle_joint_pain,headache,skin_rash,bleeding_gums_nose,,,,,,,,,,,,
Dengue Fever,high_fever,headache,fatigue,vomiting,muscle_joint_pain,,,,,,,,,,,,
Dengue Fever,high_fever,muscle_joint_pain,skin_rash,headache,loss_of_appetite,,,,,,,,,,,,
Dengue Fever,high_fever,headache,abdominal_pain,fatigue,vomiting,,,,,,,,,,,,
Dengue Fever,high_fever,muscle_joint_pain,headache,bleeding_gums_nose,fatigue,,,,,,,,,,,,
Dengue Fever,high_fever,fatigue,skin_rash,muscle_joint_pain,headache,,,,,,,,,,,,
Dengue Fever,high_fever,headache,vomiting,muscle_joint_pain,abdominal_pain,,,,,,,,,,,,
Dengue Fever,high_fever,muscle_joint_pain,fatigue,headache,swollen_lymph_nodes,,,,,,,,,,,,
Dengue Fever,high_fever,headache,skin_rash,fatigue,bleeding_gums_nose,,,,,,,,,,,,
Dengue Fever,high_fever,muscle_joint_pain,headache,vomiting,loss_of_appetite,,,,,,,,,,,,
Dengue Fever,high_fever,fatigue,muscle_joint_pain,skin_rash,abdominal_pain,,,,,,,,,,,,
Dengue Fever,high_fever,headache,bleeding_gums_nose,muscle_joint_pain,fatigue,,,,,,,,,,,,
Dengue Fever,high_fever,muscle_joint_pain,headache,fatigue,vomiting,,,,,,,,,,,,
Dengue Fever,high_fever,headache,skin_rash,muscle_joint_pain,swollen_lymph_nodes,,,,,,,,,,,,
Dengue Fever,high_fever,fatigue,muscle_joint_pain,headache,abdominal_pain,,,,,,,,,,,,
Dengue Fever,high_fever,headache,vomiting,fatigue,bleeding_gums_nose,,,,,,,,,,,,
Dengue Fever,high_fever,muscle_joint_pain,skin_rash,headache,loss_of_appetite,,,,,,,,,,,,
Dengue Fever,high_fever,headache,fatigue,muscle_joint_pain,vomiting,,,,,,,,,,,,
Dengue Fever,high_fever,muscle_joint_pain,headache,abdominal_pain,skin_rash,,,,,,,,,,,,
Tonsillitis,sore_throat,pain_when_swallowing,fever,swollen_lymph_nodes,red_swollen_tonsils,,,,,,,,,,,,
Tonsillitis,sore_throat,fever,pain_when_swallowing,white_patches_on_tonsils,fatigue,,,,,,,,,,,,
Tonsillitis,sore_throat,pain_when_swallowing,swollen_lymph_nodes,fever,headache,,,,,,,,,,,,
Tonsillitis,sore_throat,fever,red_swollen_tonsils,pain_when_swallowing,white_patches_on_tonsils,,,,,,,,,,,,
Tonsillitis,sore_throat,pain_when_swallowing,fever,swollen_lymph_nodes,fatigue,,,,,,,,,,,,
Tonsillitis,sore_throat,fever,pain_when_swallowing,red_swollen_tonsils,nausea,,,,,,,,,,,,
Tonsillitis,sore_throat,swollen_lymph_nodes,pain_when_swallowing,fever,white_patches_on_tonsils,,,,,,,,,,,,
Tonsillitis,sore_throat,pain_when_swallowing,fever,headache,red_swollen_tonsils,,,,,,,,,,,,
Tonsillitis,sore_throat,fever,swollen_lymph_nodes,pain_when_swallowing,fatigue,,,,,,,,,,,,
Tonsillitis,sore_throat,pain_when_swallowing,red_swollen_tonsils,fever,white_patches_on_tonsils,,,,,,,,,,,,
Tonsillitis,sore_throat,fever,pain_when_swallowing,swollen_lymph_nodes,skin_rash_scarlet_fever,,,,,,,,,,,,
Tonsillitis,sore_throat,pain_when_swallowing,fever,white_patches_on_tonsils,headache,,,,,,,,,,,,
Tonsillitis,sore_throat,swollen_lymph_nodes,fever,pain_when_swallowing,fatigue,,,,,,,,,,,,
Tonsillitis,sore_throat,pain_when_swallowing,red_swollen_tonsils,fever,nausea,,,,,,,,,,,,
Tonsillitis,sore_throat,fever,pain_when_swallowing,swollen_lymph_nodes,white_patches_on_tonsils,,,,,,,,,,,,
Tonsillitis,sore_throat,pain_when_swallowing,fever,headache,fatigue,,,,,,,,,,,,
Tonsillitis,sore_throat,swollen_lymph_nodes,pain_when_swallowing,red_swollen_tonsils,fever,,,,,,,,,,,,
Tonsillitis,sore_throat,fever,pain_when_swallowing,white_patches_on_tonsils,skin_rash_scarlet_fever,,,,,,,,,,,,
Tonsillitis,sore_throat,pain_when_swallowing,fever,swollen_lymph_nodes,headache,,,,,,,,,,,,
Tonsillitis,sore_throat,red_swollen_tonsils,fever,pain_when_swallowing,fatigue,,,,,,,,,,,,
Tonsillitis,sore_throat,pain_when_swallowing,swollen_lymph_nodes,fever,nausea,,,,,,,,,,,,
Tonsillitis,sore_throat,fever,pain_when_swallowing,white_patches_on_tonsils,headache,,,,,,,,,,,,
Tonsillitis,sore_throat,pain_when_swallowing,fever,red_swollen_tonsils,skin_rash_scarlet_fever,,,,,,,,,,,,
Tonsillitis,sore_throat,swollen_lymph_nodes,fever,pain_when_swallowing,fatigue,,,,,,,,,,,,
Tonsillitis,sore_throat,pain_when_swallowing,red_swollen_tonsils,fever,white_patches_on_tonsils,,,,,,,,,,,,
Tonsillitis,sore_throat,fever,pain_when_swallowing,swollen_lymph_nodes,nausea,,,,,,,,,,,,
Tonsillitis,sore_throat,pain_when_swallowing,fever,headache,red_swollen_tonsils,,,,,,,,,,,,
Tonsillitis,sore_throat,swollen_lymph_nodes,pain_when_swallowing,fever,skin_rash_scarlet_fever,,,,,,,,,,,,
Tonsillitis,sore_throat,fever,pain_when_swallowing,white_patches_on_tonsils,fatigue,,,,,,,,,,,,
Tonsillitis,sore_throat,pain_when_swallowing,fever,swollen_lymph_nodes,headache,,,,,,,,,,,,
Chronic Obstructive Pulmonary Disease,shortness_of_breath,chronic_cough,chest_tightness,excess_mucus_production,frequent_respiratory_infections,,,,,,,,,,,,
Chronic Obstructive Pulmonary Disease,shortness_of_breath,wheezing,chronic_cough,fatigue,chest_tightness,,,,,,,,,,,,
Chronic Obstructive Pulmonary Disease,chronic_cough,shortness_of_breath,excess_mucus_production,wheezing,reduced_exercise_tolerance,,,,,,,,,,,,
Chronic Obstructive Pulmonary Disease,shortness_of_breath,chronic_cough,wheezing,chest_tightness,fatigue,,,,,,,,,,,,
Chronic Obstructive Pulmonary Disease,chronic_cough,shortness_of_breath,frequent_respiratory_infections,excess_mucus_production,wheezing,,,,,,,,,,,,
Chronic Obstructive Pulmonary Disease,shortness_of_breath,wheezing,chronic_cough,reduced_exercise_tolerance,chest_tightness,,,,,,,,,,,,
Chronic Obstructive Pulmonary Disease,chronic_cough,shortness_of_breath,fatigue,wheezing,excess_mucus_production,,,,,,,,,,,,
Chronic Obstructive Pulmonary Disease,shortness_of_breath,chronic_cough,chest_tightness,wheezing,frequent_respiratory_infections,,,,,,,,,,,,
Chronic Obstructive Pulmonary Disease,shortness_of_breath,wheezing,chronic_cough,fatigue,reduced_exercise_tolerance,,,,,,,,,,,,
Chronic Obstructive Pulmonary Disease,chronic_cough,shortness_of_breath,excess_mucus_production,chest_tightness,wheezing,,,,,,,,,,,,
Chronic Obstructive Pulmonary Disease,shortness_of_breath,chronic_cough,wheezing,fatigue,weight_loss_severe_copd,,,,,,,,,,,,
Chronic Obstructive Pulmonary Disease,chronic_cough,shortness_of_breath,chest_tightness,excess_mucus_production,frequent_respiratory_infections,,,,,,,,,,,,
Chronic Obstructive Pulmonary Disease,shortness_of_breath,wheezing,chronic_cough,reduced_exercise_tolerance,fatigue,,,,,,,,,,,,
Chronic Obstructive Pulmonary Disease,chronic_cough,shortness_of_breath,fatigue,wheezing,chest_tightness,,,,,,,,,,,,
Chronic Obstructive Pulmonary Disease,shortness_of_breath,chronic_cough,excess_mucus_production,wheezing,swelling_in_ankles_feet_legs,,,,,,,,,,,,
Chronic Obstructive Pulmonary Disease,shortness_of_breath,wheezing,chronic_cough,frequent_respiratory_infections,chest_tightness,,,,,,,,,,,,
Chronic Obstructive Pulmonary Disease,chronic_cough,shortness_of_breath,fatigue,excess_mucus_production,reduced_exercise_tolerance,,,,,,,,,,,,
Chronic Obstructive Pulmonary Disease,shortness_of_breath,chronic_cough,wheezing,chest_tightness,fatigue,,,,,,,,,,,,
Chronic Obstructive Pulmonary Disease,shortness_of_breath,wheezing,chronic_cough,excess_mucus_production,weight_loss_severe_copd,,,,,,,,,,,,
Chronic Obstructive Pulmonary Disease,chronic_cough,shortness_of_breath,frequent_respiratory_infections,wheezing,fatigue,,,,,,,,,,,,
Chronic Obstructive Pulmonary Disease,shortness_of_breath,chronic_cough,chest_tightness,reduced_exercise_tolerance,wheezing,,,,,,,,,,,,
Chronic Obstructive Pulmonary Disease,shortness_of_breath,wheezing,fatigue,chronic_cough,excess_mucus_production,,,,,,,,,,,,
Chronic Obstructive Pulmonary Disease,chronic_cough,shortness_of_breath,wheezing,chest_tightness,swelling_in_ankles_feet_legs,,,,,,,,,,,,
Chronic Obstructive Pulmonary Disease,shortness_of_breath,chronic_cough,fatigue,wheezing,frequent_respiratory_infections,,,,,,,,,,,,
Chronic Obstructive Pulmonary Disease,shortness_of_breath,wheezing,chronic_cough,reduced_exercise_tolerance,chest_tightness,,,,,,,,,,,,
Chronic Obstructive Pulmonary Disease,chronic_cough,shortness_of_breath,excess_mucus_production,fatigue,wheezing,,,,,,,,,,,,
Chronic Obstructive Pulmonary Disease,shortness_of_breath,chronic_cough,wheezing,frequent_respiratory_infections,weight_loss_severe_copd,,,,,,,,,,,,
Chronic Obstructive Pulmonary Disease,shortness_of_breath,wheezing,chronic_cough,fatigue,reduced_exercise_tolerance,,,,,,,,,,,,
Arrhythmia,palpitations,irregular_heartbeat,shortness_of_breath,dizziness_lightheadedness,chest_pain,,,,,,,,,,,,
Arrhythmia,irregular_heartbeat,palpitations,shortness_of_breath,fatigue,anxiety,,,,,,,,,,,,
Arrhythmia,palpitations,shortness_of_breath,irregular_heartbeat,chest_pain,dizziness_lightheadedness,,,,,,,,,,,,
Arrhythmia,irregular_heartbeat,palpitations,dizziness_lightheadedness,shortness_of_breath,fatigue,,,,,,,,,,,,
Arrhythmia,palpitations,shortness_of_breath,irregular_heartbeat,chest_pain,fainting_syncope,,,,,,,,,,,,
Arrhythmia,irregular_heartbeat,palpitations,shortness_of_breath,dizziness_lightheadedness,weakness,,,,,,,,,,,,
Arrhythmia,palpitations,irregular_heartbeat,chest_pain,shortness_of_breath,fatigue,,,,,,,,,,,,
Arrhythmia,shortness_of_breath,palpitations,irregular_heartbeat,dizziness_lightheadedness,anxiety,,,,,,,,,,,,
Arrhythmia,palpitations,irregular_heartbeat,shortness_of_breath,fatigue,chest_pain,,,,,,,,,,,,
Arrhythmia,irregular_heartbeat,palpitations,dizziness_lightheadedness,shortness_of_breath,sweating,,,,,,,,,,,,
Arrhythmia,palpitations,shortness_of_breath,irregular_heartbeat,chest_pain,weakness,,,,,,,,,,,,
Arrhythmia,irregular_heartbeat,palpitations,fatigue,dizziness_lightheadedness,shortness_of_breath,,,,,,,,,,,,
Arrhythmia,palpitations,shortness_of_breath,irregular_heartbeat,anxiety,chest_pain,,,,,,,,,,,,
Arrhythmia,irregular_heartbeat,palpitations,shortness_of_breath,fatigue,fainting_syncope,,,,,,,,,,,,
Arrhythmia,palpitations,dizziness_lightheadedness,irregular_heartbeat,shortness_of_breath,sweating,,,,,,,,,,,,
Arrhythmia,shortness_of_breath,palpitations,irregular_heartbeat,chest_pain,fatigue,,,,,,,,,,,,
Arrhythmia,palpitations,irregular_heartbeat,dizziness_lightheadedness,shortness_of_breath,weakness,,,,,,,,,,,,
Arrhythmia,irregular_heartbeat,palpitations,shortness_of_breath,chest_pain,anxiety,,,,,,,,,,,,
Arrhythmia,palpitations,shortness_of_breath,irregular_heartbeat,fatigue,dizziness_lightheadedness,,,,,,,,,,,,
Arrhythmia,irregular_heartbeat,palpitations,chest_pain,shortness_of_breath,fainting_syncope,,,,,,,,,,,,
Arrhythmia,palpitations,dizziness_lightheadedness,irregular_heartbeat,fatigue,sweating,,,,,,,,,,,,
Arrhythmia,shortness_of_breath,palpitations,irregular_heartbeat,chest_pain,weakness,,,,,,,,,,,,
Arrhythmia,palpitations,irregular_heartbeat,shortness_of_breath,dizziness_lightheadedness,anxiety,,,,,,,,,,,,
Arrhythmia,irregular_heartbeat,palpitations,fatigue,shortness_of_breath,chest_pain,,,,,,,,,,,,
Arrhythmia,palpitations,shortness_of_breath,irregular_heartbeat,fainting_syncope,dizziness_lightheadedness,,,,,,,,,,,,
Arrhythmia,irregular_heartbeat,palpitations,dizziness_lightheadedness,fatigue,sweating,,,,,,,,,,,,
Arrhythmia,palpitations,shortness_of_breath,irregular_heartbeat,chest_pain,fatigue,,,,,,,,,,,,
Arrhythmia,irregular_heartbeat,palpitations,shortness_of_breath,anxiety,weakness,,,,,,,,,,,,
Arrhythmia,palpitations,dizziness_lightheadedness,irregular_heartbeat,fatigue,chest_pain,,,,,,,,,,,,
Arrhythmia,shortness_of_breath,palpitations,irregular_heartbeat,fainting_syncope,sweating,,,,,,,,,,,,
Sarcoidosis,fatigue,shortness_of_breath,persistent_cough,chest_pain,fever,,,,,,,,,,,,
Sarcoidosis,shortness_of_breath,fatigue,persistent_cough,joint_pain,night_sweats,,,,,,,,,,,,
Sarcoidosis,fatigue,chest_pain,shortness_of_breath,persistent_cough,enlarged_lymph_nodes,,,,,,,,,,,,
Sarcoidosis,shortness_of_breath,fatigue,chest_pain,fever,persistent_cough,,,,,,,,,,,,
Sarcoidosis,fatigue,persistent_cough,shortness_of_breath,joint_pain,chest_pain,,,,,,,,,,,,
Sarcoidosis,shortness_of_breath,fatigue,persistent_cough,night_sweats,fever,,,,,,,,,,,,
Sarcoidosis,fatigue,chest_pain,shortness_of_breath,persistent_cough,eye_irritation,,,,,,,,,,,,
Sarcoidosis,shortness_of_breath,fatigue,fever,persistent_cough,joint_pain,,,,,,,,,,,,
Sarcoidosis,fatigue,persistent_cough,shortness_of_breath,chest_pain,night_sweats,,,,,,,,,,,,
Sarcoidosis,shortness_of_breath,fatigue,persistent_cough,fever,enlarged_lymph_nodes,,,,,,,,,,,,
Sarcoidosis,fatigue,chest_pain,shortness_of_breath,joint_pain,persistent_cough,,,,,,,,,,,,
Sarcoidosis,shortness_of_breath,persistent_cough,fatigue,night_sweats,chest_pain,,,,,,,,,,,,
Sarcoidosis,fatigue,shortness_of_breath,persistent_cough,fever,eye_irritation,,,,,,,,,,,,
Sarcoidosis,chest_pain,fatigue,shortness_of_breath,persistent_cough,joint_pain,,,,,,,,,,,,
Sarcoidosis,shortness_of_breath,fatigue,persistent_cough,chest_pain,night_sweats,,,,,,,,,,,,
Sarcoidosis,fatigue,shortness_of_breath,fever,persistent_cough,enlarged_lymph_nodes,,,,,,,,,,,,
Sarcoidosis,persistent_cough,fatigue,chest_pain,shortness_of_breath,skin_lesions,,,,,,,,,,,,
Sarcoidosis,shortness_of_breath,fatigue,persistent_cough,joint_pain,fever,,,,,,,,,,,,
Sarcoidosis,fatigue,chest_pain,shortness_of_breath,persistent_cough,night_sweats,,,,,,,,,,,,
Sarcoidosis,shortness_of_breath,fatigue,fever,chest_pain,eye_irritation,,,,,,,,,,,,
Sarcoidosis,persistent_cough,fatigue,shortness_of_breath,joint_pain,chest_pain,,,,,,,,,,,,
Sarcoidosis,fatigue,shortness_of_breath,persistent_cough,night_sweats,fever,,,,,,,,,,,,
Sarcoidosis,shortness_of_breath,chest_pain,fatigue,persistent_cough,enlarged_lymph_nodes,,,,,,,,,,,,
Sarcoidosis,fatigue,persistent_cough,shortness_of_breath,fever,skin_lesions,,,,,,,,,,,,
Sarcoidosis,shortness_of_breath,fatigue,chest_pain,joint_pain,persistent_cough,,,,,,,,,,,,
Sarcoidosis,fatigue,shortness_of_breath,persistent_cough,night_sweats,eye_irritation,,,,,,,,,,,,
Sarcoidosis,persistent_cough,fatigue,shortness_of_breath,chest_pain,fever,,,,,,,,,,,,
Sarcoidosis,shortness_of_breath,fatigue,persistent_cough,enlarged_lymph_nodes,joint_pain,,,,,,,,,,,,
Sarcoidosis,fatigue,chest_pain,shortness_of_breath,persistent_cough,skin_lesions,,,,,,,,,,,,
Sarcoidosis,shortness_of_breath,fatigue,fever,persistent_cough,night_sweats,,,,,,,,,,,,
Lupus,fatigue,joint_pain,kidney_problems,rash,fever,,,,,,,,,,,,
Lupus,kidney_problems,fatigue,joint_pain,muscle_pain,photosensitivity,,,,,,,,,,,,
Lupus,fatigue,joint_pain,rash,kidney_problems,muscle_pain,,,,,,,,,,,,
Lupus,joint_pain,fatigue,kidney_problems,fever,rash,,,,,,,,,,,,
Lupus,fatigue,kidney_problems,joint_pain,photosensitivity,hair_loss,,,,,,,,,,,,
Lupus,joint_pain,fatigue,rash,muscle_pain,fever,,,,,,,,,,,,
Lupus,kidney_problems,fatigue,joint_pain,rash,photosensitivity,,,,,,,,,,,,
Lupus,fatigue,joint_pain,fever,kidney_problems,muscle_pain,,,,,,,,,,,,
Lupus,joint_pain,rash,fatigue,kidney_problems,hair_loss,,,,,,,,,,,,
Lupus,fatigue,kidney_problems,joint_pain,muscle_pain,rash,,,,,,,,,,,,
Lupus,joint_pain,fatigue,fever,rash,photosensitivity,,,,,,,,,,,,
Lupus,kidney_problems,fatigue,rash,joint_pain,muscle_pain,,,,,,,,,,,,
Lupus,fatigue,joint_pain,kidney_problems,fever,hair_loss,,,,,,,,,,,,
Lupus,joint_pain,rash,fatigue,muscle_pain,kidney_problems,,,,,,,,,,,,
Lupus,fatigue,kidney_problems,joint_pain,photosensitivity,rash,,,,,,,,,,,,
Lupus,joint_pain,fatigue,fever,muscle_pain,kidney_problems,,,,,,,,,,,,
Lupus,fatigue,rash,joint_pain,kidney_problems,photosensitivity,,,,,,,,,,,,
Lupus,kidney_problems,fatigue,joint_pain,fever,muscle_pain,,,,,,,,,,,,
Lupus,fatigue,joint_pain,rash,hair_loss,kidney_problems,,,,,,,,,,,,
Lupus,joint_pain,fatigue,muscle_pain,kidney_problems,photosensitivity,,,,,,,,,,,,
Lupus,fatigue,rash,joint_pain,fever,muscle_pain,,,,,,,,,,,,
Lupus,kidney_problems,fatigue,joint_pain,rash,hair_loss,,,,,,,,,,,,
Lupus,joint_pain,fatigue,fever,kidney_problems,photosensitivity,,,,,,,,,,,,
Lupus,fatigue,rash,muscle_pain,joint_pain,kidney_problems,,,,,,,,,,,,
Lupus,joint_pain,fatigue,kidney_problems,fever,rash,,,,,,,,,,,,
Lupus,fatigue,muscle_pain,joint_pain,kidney_problems,hair_loss,,,,,,,,,,,,
Lupus,kidney_problems,fatigue,rash,joint_pain,photosensitivity,,,,,,,,,,,,
Lupus,fatigue,joint_pain,fever,muscle_pain,rash,,,,,,,,,,,,
Lupus,joint_pain,fatigue,kidney_problems,photosensitivity,muscle_pain,,,,,,,,,,,,
Lupus,fatigue,rash,joint_pain,kidney_problems,fever,,,,,,,,,,,,
Peptic Ulcer Disease,epigastric_pain,hematemesis,melena,vomiting,heartburn,,,,,,,,,,,,
Peptic Ulcer Disease,melena,epigastric_pain,hematemesis,nausea,vomiting,,,,,,,,,,,,
Peptic Ulcer Disease,epigastric_pain,vomiting,melena,heartburn,nausea,,,,,,,,,,,,
Peptic Ulcer Disease,hematemesis,epigastric_pain,melena,vomiting,bloating,,,,,,,,,,,,
Peptic Ulcer Disease,epigastric_pain,melena,heartburn,nausea,vomiting,,,,,,,,,,,,
Peptic Ulcer Disease,melena,hematemesis,epigastric_pain,heartburn,loss_of_appetite,,,,,,,,,,,,
Peptic Ulcer Disease,epigastric_pain,vomiting,melena,nausea,hematemesis,,,,,,,,,,,,
Peptic Ulcer Disease,hematemesis,epigastric_pain,vomiting,heartburn,melena,,,,,,,,,,,,
Peptic Ulcer Disease,epigastric_pain,melena,nausea,vomiting,bloating,,,,,,,,,,,,
Peptic Ulcer Disease,melena,epigastric_pain,hematemesis,heartburn,nausea,,,,,,,,,,,,
Peptic Ulcer Disease,epigastric_pain,vomiting,hematemesis,melena,loss_of_appetite,,,,,,,,,,,,
Peptic Ulcer Disease,hematemesis,melena,epigastric_pain,nausea,vomiting,,,,,,,,,,,,
Peptic Ulcer Disease,epigastric_pain,heartburn,melena,vomiting,hematemesis,,,,,,,,,,,,
Peptic Ulcer Disease,melena,epigastric_pain,vomiting,nausea,bloating,,,,,,,,,,,,
Peptic Ulcer Disease,epigastric_pain,hematemesis,melena,heartburn,loss_of_appetite,,,,,,,,,,,,
Peptic Ulcer Disease,vomiting,epigastric_pain,melena,hematemesis,nausea,,,,,,,,,,,,
Peptic Ulcer Disease,hematemesis,epigastric_pain,heartburn,melena,vomiting,,,,,,,,,,,,
Peptic Ulcer Disease,epigastric_pain,melena,nausea,hematemesis,bloating,,,,,,,,,,,,
Peptic Ulcer Disease,melena,vomiting,epigastric_pain,heartburn,hematemesis,,,,,,,,,,,,
Peptic Ulcer Disease,epigastric_pain,hematemesis,vomiting,nausea,melena,,,,,,,,,,,,
Peptic Ulcer Disease,heartburn,epigastric_pain,melena,hematemesis,loss_of_appetite,,,,,,,,,,,,
Peptic Ulcer Disease,melena,epigastric_pain,vomiting,nausea,heartburn,,,,,,,,,,,,
Peptic Ulcer Disease,epigastric_pain,hematemesis,melena,bloating,vomiting,,,,,,,,,,,,
Peptic Ulcer Disease,vomiting,melena,epigastric_pain,heartburn,nausea,,,,,,,,,,,,
Peptic Ulcer Disease,hematemesis,epigastric_pain,melena,loss_of_appetite,vomiting,,,,,,,,,,,,
Peptic Ulcer Disease,epigastric_pain,vomiting,heartburn,melena,hematemesis,,,,,,,,,,,,
Peptic Ulcer Disease,melena,epigastric_pain,nausea,hematemesis,bloating,,,,,,,,,,,,
Peptic Ulcer Disease,epigastric_pain,heartburn,vomiting,melena,loss_of_appetite,,,,,,,,,,,,
Peptic Ulcer Disease,hematemesis,melena,epigastric_pain,nausea,heartburn,,,,,,,,,,,,
Peptic Ulcer Disease,epigastric_pain,vomiting,melena,hematemesis,nausea,,,,,,,,,,,,
Yellow Fever,confusion,bleeding,jaundice,fever,vomiting,,,,,,,,,,,,
Yellow Fever,fever,jaundice,bleeding,confusion,headache,,,,,,,,,,,,
Yellow Fever,bleeding,fever,jaundice,vomiting,muscle_pain,,,,,,,,,,,,
Yellow Fever,jaundice,confusion,bleeding,fever,fatigue,,,,,,,,,,,,
Yellow Fever,fever,bleeding,vomiting,jaundice,confusion,,,,,,,,,,,,
Yellow Fever,confusion,fever,jaundice,bleeding,headache,,,,,,,,,,,,
Yellow Fever,bleeding,jaundice,fever,vomiting,muscle_pain,,,,,,,,,,,,
Yellow Fever,fever,confusion,bleeding,jaundice,fatigue,,,,,,,,,,,,
Yellow Fever,jaundice,fever,vomiting,bleeding,confusion,,,,,,,,,,,,
Yellow Fever,bleeding,confusion,fever,headache,vomiting,,,,,,,,,,,,
Yellow Fever,fever,jaundice,bleeding,muscle_pain,confusion,,,,,,,,,,,,
Yellow Fever,confusion,bleeding,jaundice,fever,fatigue,,,,,,,,,,,,
Yellow Fever,fever,vomiting,bleeding,jaundice,headache,,,,,,,,,,,,
Yellow Fever,jaundice,fever,confusion,bleeding,muscle_pain,,,,,,,,,,,,
Yellow Fever,bleeding,fever,jaundice,vomiting,fatigue,,,,,,,,,,,,
Yellow Fever,confusion,jaundice,fever,headache,bleeding,,,,,,,,,,,,
Yellow Fever,fever,bleeding,vomiting,jaundice,muscle_pain,,,,,,,,,,,,
Yellow Fever,jaundice,confusion,bleeding,fever,fatigue,,,,,,,,,,,,
Yellow Fever,bleeding,fever,headache,jaundice,vomiting,,,,,,,,,,,,
Yellow Fever,fever,confusion,jaundice,muscle_pain,bleeding,,,,,,,,,,,,
Yellow Fever,vomiting,bleeding,fever,jaundice,confusion,,,,,,,,,,,,
Yellow Fever,jaundice,fever,bleeding,headache,fatigue,,,,,,,,,,,,
Yellow Fever,confusion,bleeding,fever,vomiting,muscle_pain,,,,,,,,,,,,
Yellow Fever,fever,jaundice,bleeding,confusion,headache,,,,,,,,,,,,
Yellow Fever,bleeding,fever,vomiting,jaundice,fatigue,,,,,,,,,,,,
Yellow Fever,jaundice,confusion,fever,muscle_pain,bleeding,,,,,,,,,,,,
Yellow Fever,fever,bleeding,headache,jaundice,vomiting,,,,,,,,,,,,
Yellow Fever,confusion,fever,jaundice,fatigue,bleeding,,,,,,,,,,,,
Yellow Fever,bleeding,jaundice,fever,vomiting,headache,,,,,,,,,,,,
Yellow Fever,fever,confusion,bleeding,muscle_pain,jaundice,,,,,,,,,,,,
Inflammatory Bowel Disease (IBD),abdominal_pain,diarrhea,bloody_stool,fatigue,fever,,,,,,,,,,,,
Inflammatory Bowel Disease (IBD),diarrhea,abdominal_pain,bloody_stool,weight_loss,nausea,,,,,,,,,,,,
Inflammatory Bowel Disease (IBD),abdominal_pain,bloody_stool,diarrhea,fatigue,joint_pain,,,,,,,,,,,,
Inflammatory Bowel Disease (IBD),bloody_stool,abdominal_pain,diarrhea,fever,weight_loss,,,,,,,,,,,,
Inflammatory Bowel Disease (IBD),diarrhea,abdominal_pain,fatigue,bloody_stool,nausea,,,,,,,,,,,,
Inflammatory Bowel Disease (IBD),abdominal_pain,diarrhea,bloody_stool,weight_loss,fever,,,,,,,,,,,,
Inflammatory Bowel Disease (IBD),bloody_stool,diarrhea,abdominal_pain,fatigue,joint_pain,,,,,,,,,,,,
Inflammatory Bowel Disease (IBD),abdominal_pain,bloody_stool,fever,diarrhea,weight_loss,,,,,,,,,,,,
Inflammatory Bowel Disease (IBD),diarrhea,abdominal_pain,fatigue,bloody_stool,nausea,,,,,,,,,,,,
Inflammatory Bowel Disease (IBD),bloody_stool,abdominal_pain,diarrhea,fever,fatigue,,,,,,,,,,,,
Inflammatory Bowel Disease (IBD),abdominal_pain,diarrhea,weight_loss,bloody_stool,joint_pain,,,,,,,,,,,,
Inflammatory Bowel Disease (IBD),diarrhea,bloody_stool,abdominal_pain,fatigue,fever,,,,,,,,,,,,
Inflammatory Bowel Disease (IBD),abdominal_pain,fatigue,bloody_stool,diarrhea,nausea,,,,,,,,,,,,
Inflammatory Bowel Disease (IBD),bloody_stool,abdominal_pain,fever,diarrhea,weight_loss,,,,,,,,,,,,
Inflammatory Bowel Disease (IBD),diarrhea,abdominal_pain,bloody_stool,fatigue,joint_pain,,,,,,,,,,,,
Inflammatory Bowel Disease (IBD),abdominal_pain,bloody_stool,fever,weight_loss,diarrhea,,,,,,,,,,,,
Inflammatory Bowel Disease (IBD),fatigue,abdominal_pain,diarrhea,bloody_stool,nausea,,,,,,,,,,,,
Inflammatory Bowel Disease (IBD),bloody_stool,diarrhea,abdominal_pain,fever,fatigue,,,,,,,,,,,,
Inflammatory Bowel Disease (IBD),abdominal_pain,diarrhea,bloody_stool,weight_loss,joint_pain,,,,,,,,,,,,
Inflammatory Bowel Disease (IBD),diarrhea,fatigue,abdominal_pain,bloody_stool,fever,,,,,,,,,,,,
Inflammatory Bowel Disease (IBD),abdominal_pain,bloody_stool,fatigue,nausea,diarrhea,,,,,,,,,,,,
Inflammatory Bowel Disease (IBD),bloody_stool,abdominal_pain,diarrhea,weight_loss,fever,,,,,,,,,,,,
Inflammatory Bowel Disease (IBD),diarrhea,abdominal_pain,fatigue,bloody_stool,joint_pain,,,,,,,,,,,,
Inflammatory Bowel Disease (IBD),abdominal_pain,bloody_stool,fever,diarrhea,nausea,,,,,,,,,,,,
Inflammatory Bowel Disease (IBD),fatigue,abdominal_pain,bloody_stool,diarrhea,weight_loss,,,,,,,,,,,,
Inflammatory Bowel Disease (IBD),bloody_stool,diarrhea,abdominal_pain,fever,joint_pain,,,,,,,,,,,,
Inflammatory Bowel Disease (IBD),abdominal_pain,diarrhea,fatigue,bloody_stool,nausea,,,,,,,,,,,,
Inflammatory Bowel Disease (IBD),diarrhea,bloody_stool,abdominal_pain,weight_loss,fever,,,,,,,,,,,,
Inflammatory Bowel Disease (IBD),abdominal_pain,fatigue,bloody_stool,diarrhea,joint_pain,,,,,,,,,,,,
Inflammatory Bowel Disease (IBD),bloody_stool,abdominal_pain,fever,nausea,diarrhea,,,,,,,,,,,,
